Sanger_ID,Bam_GenotypeFinal,Final_call,Final_call_support,Subclade,Clade,PrimaryClade,Support_Subclade,Support_Clade,Support_PrimaryClade,Number of SNPs called,TGC_sangerlane,Data Accession,Study Accession,Sample Accession,DisplayName,Year,Country,exclude_assembly,exclude_hetSNVs,PW_displayname,Mykr_GenotypeFinal,genome,species,spp_percent,genotype,confidence,lowest support for genotype marker,poorly supported markers,max support for additional markers,additional markers,node support
23668_8#86,4.1,4.1,0.69,NA,4.1,4,NA,0.78,0.89,96,23668_8#86,ERR2799038,PRJEB17615,ERS1821125,14ARS_BRT0012,2014,Philippines,FALSE,TRUE,14ARS_BRT0012,4.1,23668_8#86,typhi,91.478,4.1,moderate,0.797,4.1 (0.5; 55/14),-,-,1 (1; 0/84); 2 (1; 0/62); 3 (1; 0/72); 4 (1; 49/7); 4.1 (0.5; 55/14)
23733_3#31,3.3.2,3.3.2,0.76,3.3.2,3.3,3,0.89,0.86,NA,96,23733_3#31,ERR3804548,PRJEB14050,ERS1867203,23733_3#31,2017,India,FALSE,TRUE,ERS1867203,3.3.2,23733_3#31,typhi,91.927,3.3.2,strong,-,-,-,-,1 (1; 0/165); 2 (1; 0/174); 3 (1; 0/178); 3.3 (1; 172/26); 3.3.2 (1; 166/21)
23733_3#45,4.3.1.2.1,4.3.1.2.1,0.91,4.3.1.2.1,NA,4,0.91,NA,1.0,96,23733_3#45,ERR3804528,PRJEB14050,ERS1867217,23733_3#45,2017,India,FALSE,TRUE,ERS1867217,4.3.1.2.1,23733_3#45,typhi,91.598,4.3.1.2.1,strong,-,-,-,-,1 (1; 0/194); 2 (1; 0/206); 3 (1; 0/199); 4 (1; 140/0); 4.3.1 (1; 174/0); 4.3.1.2 (1; 234/0); 4.3.1.2.1 (1; 167/18)
ERR1878071,4.3.1.1,4.3.1.1,0.04,4.3.1.1,NA,"1,4,3",0.76,NA,"0.29,0.74,0.23",96,ERR1878071,ERR1878071,PRJEB19906,SAMEA103900201,5532,2013,Cambodia,FALSE,TRUE,5532,4.3.1.1,ERR1878071,typhi,95.174,4.3.1.1,weak,0.229,3 (0.5; 32/108); 4 (0.5; 50/14); 4.3.1 (0.5; 106/48); 4.3.1.1 (0.5; 86/32),-,-,1 (1; 39/98); 2 (1; 0/81); 3 (0.5; 32/108); 4 (0.5; 50/14); 4.3.1 (0.5; 106/48); 4.3.1.1 (0.5; 86/32)
SRR10216484,4.3.1.1,4.3.1.1,0.01,4.3.1.1,NA,"1,4,2,3",0.79,NA,"0.23,0.79,0.26,0.17",96,SRR10216484,SRR10216484,PRJNA230403,SAMN12896884,PNUSAS097063,2019,USA,TRUE,TRUE,PNUnited States of AmericaS097063,4.3.1.1,SRR10216484,typhi,94.888,4.3.1.1,weak,0.201,1 (0.5; 30/116); 2 (0.5; 39/89); 3 (0.5; 34/135); 4 (0.5; 116/35); 4.3.1 (0.5; 144/32),-,-,1 (0.5; 30/116); 2 (0.5; 39/89); 3 (0.5; 34/135); 4 (0.5; 116/35); 4.3.1 (0.5; 144/32); 4.3.1.1 (1; 129/1)
SRR10728540,4.3.1.2,4.3.1.2,0.95,4.3.1.2,NA,4,0.99,NA,0.95,96,SRR10728540,SRR10728540,PRJNA230403,SAMN13623909,2016AM-0261,2016,USA,TRUE,FALSE,NA,4.3.1.2,SRR10728540,typhi,91.966,4.3.1.2,strong,-,-,-,-,1 (1; 0/197); 2 (1; 0/184); 3 (1; 7/157); 4 (1; 187/1); 4.3.1 (1; 179/0); 4.3.1.2 (1; 193/0)
29999_5#80,"4.3.1.3.Bdq,3.2.2","4.3.1.3.Bdq,3.2.2",0.08,"4.3.1.3.Bdq,3.2.2",NA,4,"0.79,0.14",NA,0.69,96,29999_5#80,ERR4325909,PRJEB30334,SAMEA5596384,SEAP_10400994,2018,Bangladesh,FALSE,TRUE,ERS3400593,4.3.1.3.Bdq,29999_5#80,typhi,91.9,4.3.1.3.Bdq,weak,0.685,4 (0.5; 37/17); 4.3.1 (0.5; 55/13); 4.3.1.3 (0.5; 31/9); 4.3.1.3.Bdq (0.5; 47/12),0.806,3.2 (0.5; 25/6),1 (1; 0/47); 2 (1; 0/30); 3 (1; 1/49); 4 (0.5; 37/17); 4.3.1 (0.5; 55/13); 4.3.1.3 (0.5; 31/9); 4.3.1.3.Bdq (0.5; 47/12)
ERR2663526,3.3.2,3.3.2,0.88,3.3.2,3.3,3,0.92,0.96,NA,96,ERR2663526,ERR2663526,PRJEB27394,SAMEA4759113,311189_257103,2000,Bangladesh,FALSE,TRUE,311189_257103,3.3.2,ERR2663526,typhi,95.257,3.3.2,strong,-,-,-,-,1 (1; 1/128); 2 (1; 4/88); 3 (1; 9/97); 3.3 (1; 132/7); 3.3.2 (1; 132/12)
ERR2663583,"4.3.1.3,4.3.1.1","4.3.1.3,4.3.1.1",0.16,"4.3.1.3,4.3.1.1",NA,4,"0.2,0.83",NA,1.0,96,ERR2663583,ERR2663583,PRJEB27394,SAMEA4759171,311189_291186,2007,Bangladesh,FALSE,TRUE,311189_291186,4.3.1.3,ERR2663583,typhi,91.905,4.3.1.3,weak,0.22,4.3.1.3 (0.5; 18/64),0.795,4.3.1.1 (0.5; 66/17),1 (1; 0/80); 2 (1; 0/80); 3 (1; 0/106); 4 (1; 84/2); 4.3.1 (1; 113/0); 4.3.1.3 (0.5; 18/64)
ERR2663585,3.3.2.Bd1,3.3.2.Bd1,0.84,3.3.2.Bd1,3.3,3,0.92,0.91,NA,96,ERR2663585,ERR2663585,PRJEB27394,SAMEA4759173,311189_292186,2007,Bangladesh,FALSE,TRUE,311189_292186,3.3.2.Bd1,ERR2663585,typhi,91.922,3.3.2.Bd1,strong,-,-,-,-,1 (1; 0/95); 2 (1; 0/82); 3 (1; 0/78); 3.3 (1; 81/7); 3.3.2 (1; 105/15); 3.3.2.Bd1 (1; 75/7)
ERR2663593,4.3.1,4.3.1,0.86,4.3.1,NA,4,0.95,NA,0.91,96,ERR2663593,ERR2663593,PRJEB27394,SAMEA4759181,311189_302103,2000,Bangladesh,FALSE,TRUE,311189_302103,4.3.1,ERR2663593,typhi,94.917,4.3.1,strong,-,-,-,-,1 (1; 1/89); 2 (1; 0/129); 3 (1; 3/95); 4 (1; 101/10); 4.3.1 (1; 86/3)
ERR2663772,4.3.1.3.Bdq,4.3.1.3.Bdq,0.8,4.3.1.3.Bdq,NA,4,0.91,NA,0.89,96,ERR2663772,ERR2663772,PRJEB27394,SAMEA4759360,343077_221146,2010,Bangladesh,FALSE,TRUE,343077_221146,4.3.1.3.Bdq,ERR2663772,typhi,94.978,4.3.1.3.Bdq,strong,-,-,-,-,1 (1; 6/62); 2 (1; 0/60); 3 (1; 8/75); 4 (1; 60/9); 4.3.1 (1; 74/3); 4.3.1.3 (1; 63/4); 4.3.1.3.Bdq (1; 57/10)
ERR2663969,"2.3.2,4.3.1.3.Bdq","2.3.2,4.3.1.3.Bdq",0.0,"2.3.2,4.3.1.3.Bdq",NA,"4,2,3","0.16,0.89",NA,"0.81,0.2,0.16",96,ERR2663969,ERR2663969,PRJEB27394,SAMEA4759557,343078_276146,2012,Bangladesh,FALSE,TRUE,343078_276146,4.3.1.3.Bdq,ERR2663969,typhi,95.101,4.3.1.3.Bdq,weak,0.174,2 (0.5; 17/75); 3 (0.5; 16/76); 4.3.1 (0.5; 73/16),-,-,1 (1; 0/71); 2 (0.5; 17/75); 3 (0.5; 16/76); 4 (1; 76/0); 4.3.1 (0.5; 73/16); 4.3.1.3 (1; 59/11); 4.3.1.3.Bdq (1; 71/8)
ERR2663980,4.3.1.3.Bdq,4.3.1.3.Bdq,0.94,4.3.1.3.Bdq,NA,4,0.95,NA,0.99,96,ERR2663980,ERR2663980,PRJEB27394,SAMEA4759568,343078_281186,2008,Bangladesh,FALSE,TRUE,343078_281186,4.3.1.3.Bdq,ERR2663980,typhi,95.017,4.3.1.3.Bdq,strong,-,-,-,-,1 (1; 5/125); 2 (1; 0/128); 3 (1; 10/133); 4 (1; 113/2); 4.3.1 (1; 125/4); 4.3.1.3 (1; 120/4); 4.3.1.3.Bdq (1; 121/5)
ERR5243641,2.5,2.5,1.0,NA,2.5,1,NA,1.0,NA,96,ERR5243641,ERR5243641,PRJEB42858,SAMEA7993255,ERR5243641,2015,Colombia,FALSE,TRUE,ERR5243641,2.5,ERR5243641,typhi,94.889,2.5,weak,0.189,2 (0.5; 7/30),-,-,1 (1; 0/43); 2 (0.5; 7/30); 2.5 (1; 59/0)
ERR5243683,3.5,3.5,1.0,NA,3.5,3,NA,1.0,NA,96,ERR5243683,ERR5243683,PRJEB42858,SAMEA7993297,ERR5243683,2013,Colombia,TRUE,FALSE,NA,3.5,ERR5243683,typhi,91.485,3.5,strong,-,-,-,-,1 (1; 0/17); 2 (1; 0/11); 3 (1; 0/34); 3.5 (1; 23/0)
10540_1#17,4.3.1.1,4.3.1.1,0.86,4.3.1.1,NA,4,0.94,NA,0.92,96,10540_1#17,ERR352614,ERP001718,SAMEA2160900,10540_1_17_Viedtc76_1994,1994,Viet Nam,FALSE,TRUE,10540_1_17_Viedtc76_1994,4.3.1.1,10540_1#17,typhi,91.503,4.3.1.1,moderate,0.78,4.3.1 (0.5; 32/9),-,-,1 (1; 0/43); 2 (1; 0/47); 3 (1; 0/44); 4 (1; 42/5); 4.3.1 (0.5; 32/9); 4.3.1.1 (1; 41/2)
ERR4133971,4.3.1,4.3.1,0.03,4.3.1,2.2,"4,3",0.19,0.97,"0.21,0.84",96,ERR4133971,ERR4133971,PRJEB38255,ERS4552245,01TY349,2010,Nepal,FALSE,TRUE,01TY349,4,ERR4133971,typhi,91.946,4,weak,0.159,3 (0.5; 37/9); 4 (0.5; 7/37),0.968,2.2 (1; 60/2),1 (1; 0/47); 2 (1; 0/35); 3 (0.5; 37/9); 4 (0.5; 7/37)
ERR4133972,"4.3.1.1,3.2.2","4.3.1.1,3.2.2",0.12,"4.3.1.1,3.2.2",3.2,3,"0.14,0.9",NA,NA,96,ERR4133972,ERR4133972,PRJEB38255,ERS4552246,01TY366,2010,Nepal,FALSE,TRUE,01TY366,3.2.2,ERR4133972,typhi,91.906,3.2.2,strong,-,-,0.172,4 (0; 3/53); 4.3.1.1 (0.5; 11/53),1 (1; 0/90); 2 (1; 0/54); 3 (1; 0/59); 3.2 (1; 0/58); 3.2.2 (1; 62/5)
ERR4133980,3.3.2,3.3.2,0.83,3.3.2,3.3,3,0.93,0.9,NA,96,ERR4133980,ERR4133980,PRJEB38255,ERS4552254,01TY405,2010,Nepal,FALSE,TRUE,01TY405,3.3.2,ERR4133980,typhi,91.722,3.3.2,strong,-,-,-,-,1 (1; 1/33); 2 (1; 0/38); 3 (1; 0/41); 3.3 (1; 40/3); 3.3.2 (1; 55/5)
32640_3#137,3.2.2,3.2.2,1.0,3.2.2,3.2,3,1.0,NA,NA,96,32640_3#137,ERR5161490,PRJEB14050,ERS3773386,TD09-2925,2018,Bangladesh,TRUE,FALSE,NA,3.2.2,32640_3#137,typhi,91.722,3.2.2,strong,-,-,-,-,1 (1; 0/51); 2 (1; 0/48); 3 (1; 0/37); 3.2 (1; 0/41); 3.2.2 (1; 62/0)
32708_1#23,2.1.7,2.1.7,1.0,2.1.7,2.1,2,1.0,1.0,NA,96,32708_1#23,ERR5161636,PRJEB14050,ERS3796494,TD09-3989,2018,Bangladesh,TRUE,FALSE,NA,2.1.7,32708_1#23,typhi,91.699,2.1.7,strong,-,-,-,-,1 (1; 0/54); 2 (1; 0/53); 2.1 (1; 66/0); 2.1.7 (1; 49/0)
32708_1#71,4.3.1.2,4.3.1.2,1.0,4.3.1.2,NA,4,1.0,NA,1.0,96,32708_1#71,ERR5161684,PRJEB14050,ERS3796715,1499,2018,Nepal,FALSE,TRUE,1499,4.3.1.2,32708_1#71,typhi,91.503,4.3.1.2,strong,-,-,-,-,1 (1; 0/45); 2 (1; 0/43); 3 (1; 0/50); 4 (1; 47/0); 4.3.1 (1; 45/0); 4.3.1.2 (1; 56/0)
25292_2#22,2.3.2,2.3.2,0.99,2.3.2,2.3,2,1.0,0.99,NA,96,25292_2#22,ERR5490183,ERP123584,SAMEA8227047,25292_2_22,2015,Gambia,TRUE,FALSE,NA,2.3.2,25292_2#22,typhi,94.829,2.3.2,strong,-,-,-,-,1 (1; 0/129); 2 (1; 0/103); 2.2 (1; 162/2); 2.3 (1; 155/1); 2.3.2 (1; 91/0)
25292_2#37,3.1.1,3.1.1,0.99,3.1.1,3.1,3,1.0,0.99,NA,96,25292_2#37,ERR5490166,ERP123584,SAMEA8227064,25292_2_37,2016,Gambia,TRUE,FALSE,NA,3.1.1,25292_2#37,typhi,94.681,3.1.1,strong,-,-,-,-,1 (1; 1/101); 2 (1; 0/85); 3 (1; 0/116); 3.1 (1; 99/0); 3.1.1 (1; 89/0)
25292_2#6,2.3.2,2.3.2,0.99,2.3.2,2.3,2,1.0,0.99,NA,96,25292_2#6,ERR5490297,ERP123584,SAMEA8226933,25292_2_6,2011,Gambia,TRUE,FALSE,NA,2.3.2,25292_2#6,typhi,94.715,2.3.2,strong,-,-,-,-,1 (1; 0/97); 2 (1; 2/69); 2.2 (1; 137/0); 2.3 (1; 98/1); 2.3.2 (1; 62/0)
ERR4870993,4.3.1.1.EA1,4.3.1.1.EA1,1.0,4.3.1.1.EA1,NA,4,1.0,NA,1.0,96,ERR4870993,ERR4870993,PRJEB41494,SAMEA7616116,HH-19,2018,Zimbabwe,TRUE,FALSE,NA,4.3.1.1.EA1,ERR4870993,typhi,91.496,4.3.1.1.EA1,strong,-,-,-,-,1 (1; 0/90); 2 (1; 0/30); 3 (1; 0/128); 4 (1; 57/0); 4.3.1 (1; 131/0); 4.3.1.1 (1; 119/0); 4.3.1.1.EA1 (1; 94/0)
23099_8#38,3.5,3.5,0.99,NA,3.5,3,NA,0.99,NA,96,23099_8#38,ERR2710531,PRJEB20778,SAMEA104092150,ERR2710531,1982,Chile,FALSE,TRUE,ERR2710531,3.5,23099_8#38,typhi,91.927,3.5,strong,-,-,-,-,1 (1; 1/159); 2 (1; 0/125); 3 (1; 0/142); 3.5 (1; 158/1)
29791_4#48,2.3.3,2.3.3,0.86,2.3.3,2.3,2,0.95,0.91,NA,96,29791_4#48,ERR4289180,PRJEB20778,SAMEA5546133,ERR4289180,2018,Chile,FALSE,TRUE,ERR4289180,2.3.3,29791_4#48,typhi,91.898,2.3.3,strong,-,-,-,-,1 (1; 0/106); 2 (1; 1/104); 2.2 (1; 121/3); 2.3 (1; 106/9); 2.3.3 (1; 122/7)
22306_3#55,4.3.1.1.EA1,4.3.1.1.EA1,0.98,4.3.1.1.EA1,NA,4,1.0,NA,0.98,96,22306_3#55,ERR3332633,PRJEB19289,ERS3403481,MR1644,2014,Kenya,TRUE,FALSE,NA,4.3.1.1.EA1,22306_3#55,typhi,94.831,4.3.1.1.EA1,strong,-,-,-,-,1 (1; 0/74); 2 (1; 0/63); 3 (1; 0/53); 4 (1; 69/1); 4.3.1 (1; 65/3); 4.3.1.1 (1; 80/0); 4.3.1.1.EA1 (1; 80/0)
22306_3#85,4.3.1.2.EA2,4.3.1.2.EA2,0.97,4.3.1.2.EA2,NA,4,1.0,NA,0.97,96,22306_3#85,ERR3332652,PRJEB19289,ERS3403500,MCC17,2014,Kenya,TRUE,FALSE,NA,4.3.1.2.EA2,22306_3#85,typhi,94.998,4.3.1.2.EA2,strong,-,-,-,-,1 (1; 0/80); 2 (1; 1/64); 3 (1; 1/46); 4 (1; 56/1); 4.3.1 (1; 71/2); 4.3.1.2 (1; 84/0); 4.3.1.2.EA2 (1; 82/0)
24276_3#184,4.3.1.2.EA2,4.3.1.2.EA2,0.98,4.3.1.2.EA2,NA,4,0.98,NA,1.0,96,24276_3#184,ERR2909536,PRJEB19289,ERS1909373,MCC2454,2016,Kenya,TRUE,FALSE,NA,4.3.1.2.EA2,24276_3#184,typhi,94.428,4.3.1.2.EA2,strong,-,-,-,-,1 (1; 0/45); 2 (1; 1/53); 3 (1; 0/61); 4 (1; 34/0); 4.3.1 (1; 49/1); 4.3.1.2 (1; 51/1); 4.3.1.2.EA2 (1; 51/1)
24276_3#238,4.3.1.1.EA1,4.3.1.1.EA1,0.98,4.3.1.1.EA1,NA,4,0.98,NA,1.0,96,24276_3#238,ERR3332780,PRJEB19289,ERS3403285,MMM5742,2016,Kenya,TRUE,FALSE,NA,4.3.1.1.EA1,24276_3#238,typhi,91.754,4.3.1.1.EA1,strong,-,-,-,-,1 (1; 0/47); 2 (1; 1/58); 3 (1; 0/51); 4 (1; 69/0); 4.3.1 (1; 49/0); 4.3.1.1 (1; 50/1); 4.3.1.1.EA1 (1; 55/1)
33431_4#271,4.3.1.2.1,4.3.1.2.1,0.1,4.3.1.2.1,2.5,"4,3",0.48,0.67,"0.44,0.67",96,33431_4#271,ERR4784668,PRJEB29740,SAMEA6507408,G18255660,2017,India,FALSE,TRUE,G18255660,4.3.1.2.1,ERR4784668,typhi,91.892,4.3.1.2.1,weak,0.4,3 (0.5; 47/20); 4 (0.5; 18/27); 4.3.1 (0.5; 25/33); 4.3.1.2 (0.5; 19/23); 4.3.1.2.1 (0.5; 23/30),0.642,2.5 (0.5; 34/19),1 (1; 0/34); 2 (1; 1/48); 3 (0.5; 47/20); 4 (0.5; 18/27); 4.3.1 (0.5; 25/33); 4.3.1.2 (0.5; 19/23); 4.3.1.2.1 (0.5; 23/30)
33515_6#275,4.3.1.2.1,4.3.1.2.1,0.81,4.3.1.2.1,NA,4,0.97,NA,0.84,96,33515_6#275,ERR4785056,PRJEB29740,SAMEA6507391,G18255623,2017,India,FALSE,TRUE,G18255623,4.3.1.2.1,ERR4785056,typhi,91.899,4.3.1.2.1,moderate,0.836,4 (0.5; 46/9),-,-,1 (1; 0/57); 2 (1; 0/59); 3 (1; 0/42); 4 (0.5; 46/9); 4.3.1 (1; 69/5); 4.3.1.2 (1; 65/5); 4.3.1.2.1 (1; 52/2)
33515_6#310,"4.3.1.2.1,2.1.7","4.3.1.2.1,2.1.7",0.01,"4.3.1.2.1,2.1.7",2.1,"4,3","0.53,0.27",0.35,"0.47,0.31",96,33515_6#310,ERR4785091,PRJEB29740,SAMEA6507396,G18255636,2017,India,FALSE,TRUE,G18255636,4.3.1.2.1,ERR4785091,typhi,91.895,4.3.1.2.1,weak,0.274,3 (0.5; 17/45); 4 (0.5; 24/26); 4.3.1 (0.5; 35/36); 4.3.1.2 (0.5; 33/28); 4.3.1.2.1 (0.5; 35/32),0.317,2.1 (0.5; 20/43); 2.1.7 (0.5; 17/40),1 (1; 0/54); 2 (1; 0/52); 3 (0.5; 17/45); 4 (0.5; 24/26); 4.3.1 (0.5; 35/36); 4.3.1.2 (0.5; 33/28); 4.3.1.2.1 (0.5; 35/32)
33515_6#369,4.3.1.2.1,4.3.1.2.1,0.02,4.3.1.2.1,2.5,"4,3",0.86,0.17,"0.86,0.17",96,33515_6#369,ERR4785149,PRJEB29740,SAMEA6507409,G18255663,2017,India,FALSE,TRUE,G18255663,4.3.1.2.1,ERR4785149,typhi,91.903,4.3.1.2.1,weak,0.829,4 (0.5; 56/11); 4.3.1.2 (0.5; 34/7),-,-,1 (1; 0/47); 2 (1; 0/64); 3 (1; 9/59); 4 (0.5; 56/11); 4.3.1 (1; 54/6); 4.3.1.2 (0.5; 34/7); 4.3.1.2.1 (1; 44/7)
22522_8#33,4.3.1.1.EA1,4.3.1.1.EA1,1.0,4.3.1.1.EA1,NA,4,1.0,NA,1.0,96,22522_8#33,ERR2602598,PRJEB18705,ERS1509781,BKQKZB,2015,Malawi,TRUE,FALSE,NA,4.3.1.1.EA1,22522_8#33,typhi,91.505,4.3.1.1.EA1,strong,-,-,-,-,1 (1; 0/50); 2 (1; 0/40); 3 (1; 0/75); 4 (1; 53/1); 4.3.1 (1; 66/0); 4.3.1.1 (1; 46/1); 4.3.1.1.EA1 (1; 51/0)
9776_2#58,4.1,4.1,0.89,NA,4.1,4,NA,0.93,0.96,96,9776_2#58,ERS203074,ERP001784,SAMEA2003057,M454,1939,Not Provided,FALSE,TRUE,M454,4.1,9776_2#58,typhi,95.042,4.1,strong,-,-,-,-,1 (1; 3/79); 2 (1; 2/57); 3 (1; 5/68); 4 (1; 92/5); 4.1 (1; 60/5)
13566_1#74,2.2,2.2,0.92,NA,2.2,2,NA,0.92,NA,96,13566_1#74,ERR657442,PRJEB6352,SAMEA2603236,13566_1_74_NigAbujaBH485,2013,Nigeria,FALSE,TRUE,13566_1_74_NigAbujaBH485,2.2,13566_1#74,typhi,91.701,2.2,strong,-,-,-,-,1 (1; 0/59); 2 (1; 0/73); 2.2 (1; 75/8)
13566_1#82,3.1.1,3.1.1,0.96,3.1.1,3.1,3,0.98,0.98,NA,96,13566_1#82,ERR657450,PRJEB6352,SAMEA2603253,13566_1_82_NigAbujaBH726,2013,Nigeria,FALSE,TRUE,13566_1_82_NigAbujaBH726,3.1.1,13566_1#82,typhi,94.733,3.1.1,strong,-,-,-,-,1 (1; 0/26); 2 (1; 0/25); 3 (1; 2/23); 3.1 (1; 39/0); 3.1.1 (1; 43/2)
14555_2#45,3.1.1,3.1.1,0.8,3.1.1,3.1,2,0.86,0.93,NA,96,14555_2#45,ERR731388,PRJEB6352,SAMEA2603160,14555_2_45_NigKanoC1360,2013,Nigeria,FALSE,TRUE,14555_2_45_NigKanoC1360,3.1.1,14555_2#45,typhi,91.709,3.1.1,strong,-,-,-,-,1 (1; 0/73); 2 (1; 0/76); 3 (1; 10/75); 3.1 (1; 75/7); 3.1.1 (1; 70/10)
14555_2#58,"0.0.3,3.1.1","0.0.3,3.1.1",0.02,"0.0.3,3.1.1",3.1,0,"0.89,0.14",0.14,NA,96,14555_2#58,ERR731401,PRJEB6352,SAMEA2603184,14555_2_58_NigAbujaPO1539,2010,Nigeria,FALSE,TRUE,14555_2_58_NigAbujaPO1539,0.0.3,14555_2#58,typhi,91.711,0.0.3,strong,-,-,0.825,1 (0.5; 53/18); 2 (0.5; 47/10),0.0.3 (1; 69/7)
14555_2#63,0.0.1,0.0.1,0.91,0.0.1,NA,0,0.91,NA,NA,96,14555_2#63,ERR731406,PRJEB6352,SAMEA2603193,14555_2_63_NigAbujaG953,2013,Nigeria,FALSE,TRUE,14555_2_63_NigAbujaG953,0.0.1,14555_2#63,typhi,91.697,0.0.1,strong,-,-,-,-,0.0.1 (1; 53/7)
16404_4#1,2.3.2,2.3.2,0.92,2.3.2,2.3,2,0.96,0.96,NA,96,16404_4#1,ERR984703,PRJEB8666,SAMEA3275774,sen00740,2012,Senegal,FALSE,TRUE,sen00740,2.3.2,16404_4#1,typhi,95,2.3.2,strong,-,-,-,-,1 (1; 1/89); 2 (1; 1/89); 2.2 (1; 70/2); 2.3 (1; 76/4); 2.3.2 (1; 83/4)
16404_4#47,3.1.1,3.1.1,0.91,3.1.1,3.1,3,0.97,0.94,NA,96,16404_4#47,ERR984749,PRJEB8666,SAMEA3275799,gha112792,2010,Ghana,FALSE,TRUE,gha112792,3.1.1,16404_4#47,typhi,91.916,3.1.1,strong,-,-,-,-,1 (1; 0/54); 2 (1; 2/66); 3 (1; 0/63); 3.1 (1; 69/3); 3.1.1 (1; 73/1)
16404_5#29,3.1.1,3.1.1,0.9,3.1.1,3.1,3,0.98,0.92,NA,96,16404_5#29,ERR984820,PRJEB8666,SAMEA3276171,gha400648,NA,Ghana,FALSE,TRUE,gha400648,3.1.1,16404_5#29,typhi,94.956,3.1.1,strong,-,-,-,-,1 (1; 4/101); 2 (1; 3/90); 3 (1; 6/85); 3.1 (1; 72/8); 3.1.1 (1; 84/2)
16404_6#9,3.1.1,3.1.1,0.89,3.1.1,3.1,3,0.95,0.94,NA,96,16404_6#9,ERR984891,PRJEB8666,SAMEA3276340,gha200791,2011,Ghana,FALSE,TRUE,gha200791,3.1.1,16404_6#9,typhi,94.857,3.1.1,strong,-,-,-,-,1 (1; 3/63); 2 (1; 11/91); 3 (1; 2/89); 3.1 (1; 92/3); 3.1.1 (1; 71/3)
16549_8#47,4.3.1.1.EA1,4.3.1.1.EA1,0.94,4.3.1.1.EA1,NA,4,0.98,NA,0.96,96,16549_8#47,ERR1010133,PRJEB8666,SAMEA3276225,2011751233,2012,Kenya,FALSE,TRUE,2011751233,4.3.1.1.EA1,16549_8#47,typhi,95.033,4.3.1.1.EA1,strong,-,-,-,-,1 (1; 1/75); 2 (1; 2/56); 3 (1; 1/57); 4 (1; 54/3); 4.3.1 (1; 39/2); 4.3.1.1 (1; 46/2); 4.3.1.1.EA1 (1; 50/0)
16549_8#48,4.3.1.1.EA1,4.3.1.1.EA1,0.83,4.3.1.1.EA1,NA,4,0.94,NA,0.89,96,16549_8#48,ERR1010134,PRJEB8666,SAMEA3276227,2011731796,2012,Kenya,FALSE,TRUE,2011731796,4.3.1.1.EA1,16549_8#48,typhi,95.116,4.3.1.1.EA1,strong,-,-,-,-,1 (1; 0/49); 2 (1; 2/46); 3 (1; 5/43); 4 (1; 52/0); 4.3.1 (1; 38/4); 4.3.1.1 (1; 50/4); 4.3.1.1.EA1 (1; 52/3)
10561_2#28,4.3.1.1,4.3.1.1,0.02,4.3.1.1,2.2,"4,3",0.85,0.18,"0.69,0.15",96,10561_2#28,ERR357603,ERP001718,SAMEA2149622,10561_2_28_Nepnp101_2011,2011,Nepal,FALSE,TRUE,10561_2_28_Nepnp101_2011,4.3.1.1,10561_2#28,typhi,91.892,4.3.1.1,weak,0.778,4 (0.5; 35/10); 4.3.1 (0.5; 42/12),0.213,2.2 (0.5; 13/48),1 (1; 0/53); 2 (1; 0/52); 3 (1; 7/43); 4 (0.5; 35/10); 4.3.1 (0.5; 42/12); 4.3.1.1 (1; 40/5)
10561_2#34,4.3.1.1,4.3.1.1,0.02,4.3.1.1,2.2,"4,3",0.25,0.55,"0.17,0.82",96,10561_2#34,ERR357609,ERP001718,SAMEA2147606,10561_2_34_Nepnp103_2011,2011,Nepal,FALSE,TRUE,10561_2_34_Nepnp103_2011,4.3.1.1,10561_2#34,typhi,91.892,4.3.1.1,weak,0.211,3 (0.5; 41/10); 4 (0.5; 8/30); 4.3.1 (0.5; 10/29); 4.3.1.1 (0.5; 11/38),0.6,2.2 (0.5; 24/16),1 (1; 0/52); 2 (1; 0/40); 3 (0.5; 41/10); 4 (0.5; 8/30); 4.3.1 (0.5; 10/29); 4.3.1.1 (0.5; 11/38)
10060_6#85,4.3.1.1,4.3.1.1,0.93,4.3.1.1,NA,4,0.95,NA,0.97,96,10060_6#85,ERR331382,ERP001718,SAMEA2059693,10060_6_85_IraqH062640481_2006,2006,United Kingdom,FALSE,TRUE,10060_6_85_IraqH062640481_2006,4.3.1.1,10060_6#85,typhi,91.478,4.3.1.1,strong,-,-,-,-,1 (1; 0/59); 2 (1; 0/61); 3 (1; 0/63); 4 (1; 59/1); 4.3.1 (1; 42/3); 4.3.1.1 (1; 55/2)
11642_2#22,3.3.2.Bd2,3.3.2.Bd2,0.94,3.3.2.Bd2,3.3,3,0.96,0.98,NA,96,11642_2#22,ERR422771,PRJEB3215,SAMEA2228121,11642_2_22_BanH10108318_2010,2010,United Kingdom,FALSE,TRUE,11642_2_22_BanH10108318_2010,3.3.2.Bd2,11642_2#22,typhi,91.892,3.3.2.Bd2,strong,-,-,-,-,1 (1; 0/54); 2 (1; 0/50); 3 (1; 0/42); 3.3 (1; 42/1); 3.3.2 (1; 43/2); 3.3.2.Bd2 (1; 45/2)
21053_2#11,2.2.2,2.2.2,0.89,2.2.2,2.2,2,0.98,0.91,NA,96,21053_2#11,ERR1791790,PRJEB15284,ERS1337578,P1339340,1988,United Kingdom,FALSE,TRUE,P1339340,2.2.2,21053_2#11,typhi,91.697,2.2.2,strong,-,-,-,-,1 (1; 0/49); 2 (1; 0/62); 2.2 (1; 55/2); 2.2.2 (1; 46/0)
SRR11442303,"4.3.1.1.P1,2.3.2","4.3.1.1.P1,2.3.2",0.01,"4.3.1.1.P1,2.3.2",NA,"4,2,3","0.74,0.24",NA,"0.57,0.32,0.37",96,SRR11442303,SRR11442303,PRJNA248792,SRS6393517,915407,2020,United Kingdom,TRUE,TRUE,915407,4.3.1.1.P1,SRR11442303,typhi,95.213,4.3.1.1.P1,weak,0.35,2 (0.5; 14/26); 3 (0.5; 31/51); 4 (0.5; 24/3); 4.3.1 (0.5; 23/17); 4.3.1.1 (0.5; 31/11); 4.3.1.1.P1 (0.5; 36/12),0.212,2.3.2 (0.5; 11/41),1 (1; 1/25); 2 (0.5; 14/26); 3 (0.5; 31/51); 4 (0.5; 24/3); 4.3.1 (0.5; 23/17); 4.3.1.1 (0.5; 31/11); 4.3.1.1.P1 (0.5; 36/12)
SRR1965050,4.3.1.1,4.3.1.1,1.0,4.3.1.1,NA,4,1.0,NA,1.0,96,SRR1965050,SRR1965050,PRJNA248792,SRS901736,1148460,2015,United Kingdom,TRUE,FALSE,NA,4.3.1.1,SRR1965050,typhi,91.48,4.3.1.1,strong,-,-,-,-,1 (1; 0/50); 2 (1; 0/38); 3 (1; 0/50); 4 (1; 32/0); 4.3.1 (1; 15/0); 4.3.1.1 (1; 47/0)
SRR1966475,4.3.1.2,4.3.1.2,1.0,4.3.1.2,NA,4,1.0,NA,1.0,96,SRR1966475,SRR1966475,PRJNA248792,SRS903109,1138770,2015,United Kingdom,TRUE,FALSE,NA,4.3.1.2,SRR1966475,typhi,91.512,4.3.1.2,strong,-,-,-,-,1 (1; 0/22); 2 (1; 0/35); 3 (1; 0/25); 4 (1; 31/0); 4.3.1 (1; 22/0); 4.3.1.2 (1; 22/0)
SRR1967844,2.3.2,2.3.2,0.13,2.3.2,2.5,2,0.14,0.94,NA,96,SRR1967844,SRR1967844,PRJNA248792,SRS904558,1131190,2014,United Kingdom,FALSE,TRUE,1131190,2.5,SRR1967844,typhi,95.086,2.5,strong,-,-,-,-,1 (1; 0/46); 2 (1; 1/39); 2.5 (1; 26/0)
SRR1968021,4.3.1,4.3.1,1.0,4.3.1,NA,4,1.0,NA,1.0,96,SRR1968021,SRR1968021,PRJNA248792,SRS904742,1138890,2014,United Kingdom,TRUE,FALSE,NA,4.3.1,SRR1968021,typhi,91.478,4.3.1,strong,-,-,-,-,1 (1; 0/49); 2 (1; 0/38); 3 (1; 0/44); 4 (1; 19/0); 4.3.1 (1; 26/0)
SRR1969532,3.2.2,3.2.2,1.0,3.2.2,3.2,3,1.0,NA,NA,96,SRR1969532,SRR1969532,PRJNA248792,SRS906382,1139029,2014,United Kingdom,TRUE,FALSE,NA,3.2.2,SRR1969532,typhi,91.723,3.2.2,strong,-,-,-,-,1 (1; 0/62); 2 (1; 0/55); 3 (1; 0/87); 3.2 (1; 0/55); 3.2.2 (1; 76/0)
SRR1969929,"4.3.1.1,2.3.2","4.3.1.1,2.3.2",0.0,"4.3.1.1,2.3.2",NA,"1,4,2","0.87,0.11",NA,"0.15,0.88,0.17",96,SRR1969929,SRR1969929,PRJNA248792,SRS906541,1131104,2014,United Kingdom,FALSE,TRUE,1131104,4.3.1.1,SRR1969929,typhi,95.124,4.3.1.1,moderate,0.833,4 (0.5; 25/5),-,-,1 (1; 5/32); 2 (1; 4/30); 3 (1; 4/53); 4 (0.5; 25/5); 4.3.1 (1; 37/5); 4.3.1.1 (1; 39/4)
SRR3048978,4.3.1.2,4.3.1.2,0.93,4.3.1.2,NA,4,0.93,NA,1.0,96,SRR3048978,SRR3048978,PRJNA248792,SRS1219580,15251,2014,United Kingdom,FALSE,TRUE,15251,4.3.1.2,SRR3048978,typhi,94.649,4.3.1.2,strong,-,-,-,-,1 (1; 1/23); 2 (1; 1/26); 3 (1; 0/23); 4 (1; 17/0); 4.3.1 (1; 16/0); 4.3.1.2 (1; 20/0)
SRR3049117,"4.3.1.1,2.3.2","4.3.1.1,2.3.2",0.09,"4.3.1.1,2.3.2",NA,4,"0.84,0.12",NA,0.87,96,SRR3049117,SRR3049117,PRJNA248792,SRS1219729,1132351,NA,United Kingdom,FALSE,TRUE,1132351,4.3.1.1,SRR3049117,typhi,94.897,4.3.1.1,strong,-,-,-,-,1 (1; 3/42); 2 (1; 3/25); 3 (1; 6/50); 4 (1; 19/0); 4.3.1 (1; 28/1); 4.3.1.1 (1; 28/4)
SRR3049189,"2.3.2,4.3.1.2","2.3.2,4.3.1.2",0.0,"2.3.2,4.3.1.2",NA,"4,2,3","0.13,0.91",NA,"0.96,0.15,0.16",96,SRR3049189,SRR3049189,PRJNA248792,SRS1219811,15250,NA,United Kingdom,FALSE,TRUE,15250,4.3.1.2,SRR3049189,typhi,95.122,4.3.1.2,weak,0.167,3 (0.5; 7/35),-,-,1 (1; 4/33); 2 (1; 4/33); 3 (0.5; 7/35); 4 (1; 23/1); 4.3.1 (1; 24/2); 4.3.1.2 (1; 34/2)
SRR3321530,4.3.1.2,4.3.1.2,1.0,4.3.1.2,NA,4,1.0,NA,1.0,96,SRR3321530,SRR3321530,PRJNA248792,SRS1371136,NA,NA,United Kingdom,TRUE,TRUE,SRR3321530,4.3.1.2,SRR3321530,typhi,91.478,4.3.1.2,strong,-,-,-,-,1 (1; 0/9); 2 (1; 0/10); 3 (1; 0/8); 4 (1; 5/0); 4.3.1 (1; 6/0); 4.3.1.2 (1; 9/0)
SRR3322067,3.3.1,3.3.1,0.93,3.3.1,3.3,3,1.0,0.93,NA,95,SRR3322067,SRR3322067,PRJNA248792,SRS1371468,NA,2015,United Kingdom,TRUE,FALSE,NA,3.3.1,SRR3322067,typhi,91.701,3.3.1,strong,-,-,-,-,1 (1; 0/45); 2 (1; 0/38); 3 (1; 1/51); 3.3 (1; 61/3); 3.3.1 (1; 59/0)
SRR5215711,4.3.1,4.3.1,0.75,4.3.1,NA,4,0.9,NA,0.83,96,SRR5215711,SRR5215711,PRJNA248792,SRS1946788,285657,2016,United Kingdom,FALSE,TRUE,285657,4.3.1,SRR5215711,typhi,94.976,4.3.1,strong,-,-,-,-,1 (1; 0/31); 2 (1; 2/23); 3 (1; 2/31); 4 (1; 10/0); 4.3.1 (1; 22/3)
SRR7165378,4.3.1.2,4.3.1.2,1.0,4.3.1.2,NA,4,1.0,NA,1.0,96,SRR7165378,SRR7165378,PRJNA248792,SRS3300535,300662,2016,United Kingdom,TRUE,FALSE,NA,4.3.1.2,SRR7165378,typhi,91.478,4.3.1.2,strong,-,-,-,-,1 (1; 1/52); 2 (1; 0/46); 3 (1; 0/54); 4 (1; 30/0); 4.3.1 (1; 35/0); 4.3.1.2 (1; 53/0)
SRR7165403,4.3.1.2,4.3.1.2,1.0,4.3.1.2,NA,4,1.0,NA,1.0,96,SRR7165403,SRR7165403,PRJNA248792,SRS3300560,NA,NA,United Kingdom,TRUE,FALSE,NA,4.3.1.2,SRR7165403,typhi,91.478,4.3.1.2,strong,-,-,-,-,1 (1; 0/62); 2 (1; 0/57); 3 (1; 0/66); 4 (1; 38/0); 4.3.1 (1; 48/0); 4.3.1.2 (1; 58/0)
SRR7165410,3.3.2,3.3.2,0.12,3.3.2,3.3,2,0.87,0.94,0.15,96,SRR7165410,SRR7165410,PRJNA248792,SRS3300567,453966,2017,United Kingdom,FALSE,TRUE,453966,3.3.2,SRR7165410,typhi,94.757,3.3.2,weak,0.2,2 (0.5; 4/16),-,-,1 (1; 1/60); 2 (0.5; 4/16); 3 (1; 1/15); 3.3 (1; 27/2); 3.3.2 (1; 26/1)
SRR7165527,2.2,2.2,1.0,NA,2.2,2,NA,1.0,NA,96,SRR7165527,SRR7165527,PRJNA248792,SRS3300683,421206,2017,United Kingdom,TRUE,FALSE,NA,2.2,SRR7165527,typhi,91.715,2.2,strong,-,-,-,-,1 (1; 0/57); 2 (1; 0/73); 2.2 (1; 90/0)
SRR7187951,2,2,1.0,NA,NA,2,NA,NA,NA,96,SRR7187951,SRR7187951,PRJNA248792,SRS3320566,290790,2016,United Kingdom,TRUE,FALSE,NA,2,SRR7187951,typhi,91.895,2,strong,-,-,-,-,1 (1; 0/53); 2 (1; 0/55)
SRR7416191,4.3.1.1,4.3.1.1,0.11,4.3.1.1,NA,"4,3",0.95,NA,"0.9,0.13",96,SRR7416191,SRR7416191,PRJNA248792,SRS3451004,556786,2018,United Kingdom,FALSE,TRUE,556786,4.3.1.1,SRR7416191,typhi,95.096,4.3.1.1,strong,-,-,-,-,1 (1; 0/78); 2 (1; 7/61); 3 (1; 12/78); 4 (1; 51/4); 4.3.1 (1; 78/9); 4.3.1.1 (1; 77/8)
SRR7892307,2.2.2,2.2.2,1.0,2.2.2,2.2,2,1.0,1.0,NA,96,SRR7892307,SRR7892307,PRJNA248792,SRS3812313,541955,2018,United Kingdom,TRUE,FALSE,NA,2.2.2,SRR7892307,typhi,91.697,2.2.2,strong,-,-,-,-,1 (1; 0/66); 2 (1; 0/63); 2.2 (1; 68/0); 2.2.2 (1; 85/0)
SRR8375233,4.3.1.1,4.3.1.1,1.0,4.3.1.1,NA,4,1.0,NA,1.0,96,SRR8375233,SRR8375233,PRJNA248792,SRS4191830,579104,2018,United Kingdom,TRUE,FALSE,NA,4.3.1.1,SRR8375233,typhi,91.478,4.3.1.1,strong,-,-,-,-,1 (1; 0/34); 2 (1; 0/42); 3 (1; 0/54); 4 (1; 31/0); 4.3.1 (1; 31/0); 4.3.1.1 (1; 46/0)
SRR8490837,"2.3.2,4.3.1.2","2.3.2,4.3.1.2",0.13,"2.3.2,4.3.1.2",NA,4,"0.15,0.91",NA,0.97,96,SRR8490837,SRR8490837,PRJNA248792,SRS4294569,613095,2018,United Kingdom,FALSE,TRUE,613095,4.3.1.2,SRR8490837,typhi,95.174,4.3.1.2,strong,-,-,-,-,1 (1; 4/30); 2 (1; 0/35); 3 (1; 4/39); 4 (1; 31/1); 4.3.1 (1; 41/1); 4.3.1.2 (1; 51/4)
28832_1#98,"3.3.2,4.3.1.2","3.3.2,4.3.1.2",0.06,"3.3.2,4.3.1.2",3.3,4,"0.44,0.64",0.32,0.65,96,28832_1#98,ERR6294605,PRJEB30334,SAMEA9404225,SEAP7508794,2017,Nepal,FALSE,TRUE,SEAP7508794,4.3.1.2,28832_1#98,typhi,91.945,4.3.1.2,weak,0.593,4 (0.5; 34/16); 4.3.1 (0.5; 35/24); 4.3.1.2 (0.5; 38/22),0.466,3.3 (0.5; 22/43); 3.3.2 (0.5; 27/31),1 (1; 0/64); 2 (1; 0/56); 3 (1; 0/72); 4 (0.5; 34/16); 4.3.1 (0.5; 35/24); 4.3.1.2 (0.5; 38/22)
29999_5#315,"4.3.1.1,4.3.1.3.Bdq","4.3.1.1,4.3.1.3.Bdq",0.25,"4.3.1.1,4.3.1.3.Bdq",NA,4,"0.73,0.35",NA,1.0,96,29999_5#315,ERR4326141,PRJEB30334,ERS3400656,SEAP7507291,2017,Bangladesh,FALSE,TRUE,SEAP7507291,4.3.1.3.Bdq,29999_5#315,typhi,91.497,4.3.1.3.Bdq,weak,0.234,4.3.1.3 (0.5; 15/49); 4.3.1.3.Bdq (0.5; 25/39),0.745,4.3.1.1 (0.5; 38/13),1 (1; 0/64); 2 (1; 0/36); 3 (1; 0/51); 4 (1; 46/0); 4.3.1 (1; 82/0); 4.3.1.3 (0.5; 15/49); 4.3.1.3.Bdq (0.5; 25/39)
33253_3#61,3.3.1,3.3.1,0.95,3.3.1,3.3,3,0.97,0.98,NA,96,33253_3#61,ERR5311327,PRJEB30334,ERS4064452,SEAP8101080,2018,Nepal,FALSE,TRUE,SEAP8101080,3.3.1,33253_3#61,typhi,91.916,3.3.1,strong,-,-,-,-,1 (1; 0/63); 2 (1; 0/60); 3 (1; 0/50); 3.3 (1; 53/2); 3.3.1 (1; 61/3)
33308_1#104,4.3.1.2,4.3.1.2,0.05,4.3.1.2,2.5,"4,3",0.32,0.8,"0.24,0.79",96,33308_1#104,ERR5375973,PRJEB30334,ERS4064557,SEAP8101188,2019,Nepal,FALSE,TRUE,SEAP8101188,4.3.1.2,33308_1#104,typhi,91.917,4.3.1.2,weak,0.227,3 (0.5; 44/11); 4 (0.5; 17/58); 4.3.1 (0.5; 22/52); 4.3.1.2 (0.5; 23/52),0.839,2.5 (1; 47/9),1 (1; 0/73); 2 (1; 0/61); 3 (0.5; 44/11); 4 (0.5; 17/58); 4.3.1 (0.5; 22/52); 4.3.1.2 (0.5; 23/52)
33308_1#257,4.3.1.2.1,4.3.1.2.1,0.96,4.3.1.2.1,NA,4,0.96,NA,1.0,96,33308_1#257,ERR5376088,PRJEB30334,ERS4064308,SEAP8100935,2018,Nepal,FALSE,TRUE,SEAP8100935,4.3.1.2.1,33308_1#257,typhi,91.483,4.3.1.2.1,strong,-,-,-,-,1 (1; 0/55); 2 (1; 0/70); 3 (1; 0/70); 4 (1; 58/0); 4.3.1 (1; 87/0); 4.3.1.2 (1; 63/3); 4.3.1.2.1 (1; 67/3)
33308_1#38,4.3.1.1,4.3.1.1,0.84,4.3.1.1,NA,4,0.9,NA,0.93,96,33308_1#38,ERR5375921,PRJEB30334,ERS4064537,SEAP8101167,2018,Nepal,FALSE,TRUE,SEAP8101167,4.3.1.1,33308_1#38,typhi,91.942,4.3.1.1,strong,-,-,-,-,1 (1; 0/61); 2 (1; 0/67); 3 (1; 0/63); 4 (1; 54/5); 4.3.1 (1; 62/6); 4.3.1.1 (1; 61/6)
ERR4790835,4.3.1,4.3.1,0.06,4.3.1,3.3,4,0.31,0.71,0.25,96,ERR4790835,ERR4790835,PRJEB14050,SAMEA5779474,B10085,2018,India,FALSE,TRUE,B10085,4.3.1,ERR4790835,typhi,91.941,4.3.1,weak,0.266,4 (0.5; 25/69); 4.3.1 (0.5; 41/95),0.687,3.3 (0.5; 90/41),1 (1; 1/104); 2 (1; 0/91); 3 (1; 1/115); 4 (0.5; 25/69); 4.3.1 (0.5; 41/95)
ERR4790857,4.3.1.2.1,4.3.1.2.1,1.0,4.3.1.2.1,NA,4,1.0,NA,1.0,96,ERR4790857,ERR4790857,PRJEB14050,SAMEA5779385,T10026,2018,India,TRUE,FALSE,NA,4.3.1.2.1,ERR4790857,typhi,91.483,4.3.1.2.1,strong,-,-,-,-,1 (1; 0/96); 2 (1; 0/69); 3 (1; 0/89); 4 (1; 89/0); 4.3.1 (1; 98/0); 4.3.1.2 (1; 94/0); 4.3.1.2.1 (1; 95/0)
ERR5200907,3.2.2,3.2.2,0.96,3.2.2,NA,3,0.96,NA,NA,96,ERR5200907,ERR5200907,PRJEB42715,SAMEA7884086,Z10163,2019,India,FALSE,TRUE,Z10163,3.2.2,ERR5200907,typhi,91.707,3.2.2,strong,-,-,-,-,1 (1; 0/48); 2 (1; 0/28); 3 (1; 0/44); 3.2 (1; 3/18); 3.2.2 (1; 22/1)
ERR5200925,4.3.1.2,4.3.1.2,0.85,4.3.1.2,NA,4,0.91,NA,0.93,96,ERR5200925,ERR5200925,PRJEB42715,SAMEA7882642,S20707,2019,India,FALSE,TRUE,S20707,4.3.1.2,ERR5200925,typhi,94.96,4.3.1.2,strong,-,-,-,-,1 (1; 5/55); 2 (1; 0/47); 3 (1; 5/60); 4 (1; 47/2); 4.3.1 (1; 74/3); 4.3.1.2 (1; 58/5)
ERR5200977,2.5,2.5,0.96,NA,2.5,2,NA,0.96,NA,96,ERR5200977,ERR5200977,PRJEB42715,SAMEA7879843,A10071,2019,India,FALSE,TRUE,A10071,2.5,ERR5200977,typhi,91.916,2.5,strong,-,-,-,-,1 (1; 0/40); 2 (1; 0/31); 2.5 (1; 62/3)
ERR5201067,4.3.1.2.1,4.3.1.2.1,0.97,4.3.1.2.1,NA,4,0.97,NA,1.0,96,ERR5201067,ERR5201067,PRJEB42715,SAMEA7881685,K26145,2019,India,TRUE,FALSE,NA,4.3.1.2.1,ERR5201067,typhi,91.922,4.3.1.2.1,strong,-,-,-,-,1 (1; 0/90); 2 (1; 0/49); 3 (1; 0/108); 4 (1; 47/0); 4.3.1 (1; 112/0); 4.3.1.2 (1; 58/1); 4.3.1.2.1 (1; 70/1)
ERR5201074,"4.3.1.2,2.2.2","4.3.1.2,2.2.2",0.0,"4.3.1.2,2.2.2",2.2,"4,3","0.7,0.15",0.18,"0.73,0.31",96,ERR5201074,ERR5201074,PRJEB42715,SAMEA7882930,T10096,2018,India,FALSE,TRUE,T10096,4.3.1.2,ERR5201074,typhi,91.892,4.3.1.2,weak,0.342,3 (0.5; 26/50); 4 (0.5; 43/14); 4.3.1 (0.5; 66/23); 4.3.1.2 (0.5; 41/18),0.174,2.2 (0.5; 16/76),1 (1; 0/50); 2 (1; 0/64); 3 (0.5; 26/50); 4 (0.5; 43/14); 4.3.1 (0.5; 66/23); 4.3.1.2 (0.5; 41/18)
ERR5201081,4.3.1.1,4.3.1.1,0.91,4.3.1.1,NA,4,0.94,NA,0.96,96,ERR5201081,ERR5201081,PRJEB42715,SAMEA7882347,R10670,2018,India,FALSE,TRUE,R10670,4.3.1.1,ERR5201081,typhi,91.931,4.3.1.1,strong,-,-,-,-,1 (1; 0/66); 2 (1; 0/42); 3 (1; 2/66); 4 (1; 51/0); 4.3.1 (1; 56/1); 4.3.1.1 (1; 90/4)
ERR5201127,4.3.1.1,4.3.1.1,0.95,4.3.1.1,NA,4,0.95,NA,1.0,96,ERR5201127,ERR5201127,PRJEB42715,SAMEA7883545,Z10046,2018,India,FALSE,TRUE,Z10046,4.3.1.1,ERR5201127,typhi,91.478,4.3.1.1,strong,-,-,-,-,1 (1; 0/13); 2 (1; 0/12); 3 (1; 1/21); 4 (1; 14/0); 4.3.1 (1; 19/0); 4.3.1.1 (1; 21/0)
ERR5201231,2.2.2,2.2.2,0.09,2.2.2,2.2,"4,3",0.91,0.92,"0.12,0.93",96,ERR5201231,ERR5201231,PRJEB42715,SAMEA7883291,T10175,2018,India,FALSE,TRUE,T10175,2.2.2,ERR5201231,typhi,91.935,2.2.2,strong,-,-,0.97,3 (0; 97/3); 4 (0.5; 12/52),1 (1; 0/78); 2 (1; 0/57); 2.2 (1; 107/10); 2.2.2 (1; 72/7)
ERR5201297,4.3.1.2.1,4.3.1.2.1,0.98,4.3.1.2.1,NA,4,0.98,NA,1.0,96,ERR5201297,ERR5201297,PRJEB42715,SAMEA7883897,Z10104,2019,India,TRUE,FALSE,NA,4.3.1.2.1,ERR5201297,typhi,91.583,4.3.1.2.1,strong,-,-,-,-,1 (1; 1/173); 2 (1; 0/138); 3 (1; 1/223); 4 (1; 155/0); 4.3.1 (1; 227/1); 4.3.1.2 (1; 147/2); 4.3.1.2.1 (1; 176/4)
ERR5201316,4.3.1.2.1,4.3.1.2.1,0.82,4.3.1.2.1,NA,4,0.86,NA,0.94,96,ERR5201316,ERR5201316,PRJEB42715,SAMEA7883430,W10614,2019,India,FALSE,TRUE,W10614,4.3.1.2.1,ERR5201316,typhi,91.925,4.3.1.2.1,moderate,0.826,4.3.1.2.1 (0.5; 19/4),-,-,1 (1; 0/29); 2 (1; 0/21); 3 (1; 0/20); 4 (1; 15/2); 4.3.1 (1; 26/4); 4.3.1.2 (1; 18/3); 4.3.1.2.1 (0.5; 19/4)
ERR6118183,"4.3.1.2.1,3.2.2","4.3.1.2.1,3.2.2",0.16,"4.3.1.2.1,3.2.2",NA,4,"0.55,0.51",NA,0.57,96,ERR6118183,ERR6118183,PRJEB42715,SAMEA9253100,Z10132,2018,India,FALSE,TRUE,Z10132,4.3.1.2.1,ERR6118183,typhi,91.916,4.3.1.2.1,weak,0.34,4 (0.5; 30/22); 4.3.1 (0.5; 18/35); 4.3.1.2 (0.5; 16/18); 4.3.1.2.1 (0.5; 30/23),0.509,3.2 (0.5; 34/36); 3.2.2 (0.5; 28/27),1 (1; 0/45); 2 (1; 0/67); 3 (1; 0/56); 4 (0.5; 30/22); 4.3.1 (0.5; 18/35); 4.3.1.2 (0.5; 16/18); 4.3.1.2.1 (0.5; 30/23)
AUSMDU00021620,3.5.4.1,3.5.4.1,1.0,3.5.4.1,3.5,3,1.0,1.0,NA,96,AUSMDU00021620,SRR17283747,SRR17299234,PRJNA319593,SAMN24255092,NA,1983,TRUE,FALSE,614c4d44487730990ada84c5,3.5.4.1,AUSMDU00021620,typhi,91.563,3.5.4.1,strong,-,-,-,-,1 (1; 0/169); 2 (1; 0/179); 3 (1; 0/286); 3.5 (1; 161/0); 3.5.4 (1; 201/0); 3.5.4.1 (1; 247/0)
AUSMDU00021621,3.5,3.5,0.98,NA,3.5,3,NA,0.98,NA,96,AUSMDU00021621,SRR17283746,SRR17299233,PRJNA319593,SAMN24255093,NA,1985,TRUE,FALSE,614c4d44487730e304da84c6,3.5,AUSMDU00021621,typhi,91.48,3.5,strong,-,-,-,-,1 (1; 0/119); 2 (1; 0/119); 3 (1; 0/167); 3.5 (1; 123/1)
AUSMDU00022461,3.5.4.2,3.5.4.2,1.0,3.5.4.2,3.5,3,1.0,1.0,NA,96,AUSMDU00022461,SRR17283806,SRR17299247,PRJNA319593,SAMN24254903,NA,2018,TRUE,FALSE,614c4d444877306efada84c7,3.5.4.2,AUSMDU00022461,typhi,91.514,3.5.4.2,strong,-,-,-,-,1 (1; 0/122); 2 (1; 0/116); 3 (1; 0/180); 3.5 (1; 154/0); 3.5.4 (1; 100/0); 3.5.4.2 (1; 89/0)
AUSMDU00036192,3.5.4.3,3.5.4.3,1.0,3.5.4.3,3.5,3,1.0,1.0,NA,96,AUSMDU00036192,SRR17283786,SRR17299246,PRJNA319593,SAMN24255019,NA,2019,TRUE,FALSE,614c4d4448773080dfda853b,3.5.4.3,AUSMDU00036192,typhi,91.517,3.5.4.3,strong,-,-,-,-,1 (1; 0/136); 2 (1; 0/139); 3 (1; 0/210); 3.5 (1; 141/0); 3.5.4 (1; 102/0); 3.5.4.3 (1; 158/0)
AUSMDU00036581,4.1,4.1,1.0,NA,4.1,4,NA,1.0,1.0,96,AUSMDU00036581,SRR17283762,SRR17299240,PRJNA319593,SAMN24255041,NA,2019,TRUE,FALSE,614c4d4448773048a8da8551,4.1,AUSMDU00036581,typhi,91.478,4.1,strong,-,-,-,-,1 (1; 0/172); 2 (1; 0/171); 3 (1; 0/230); 4 (1; 134/0); 4.1 (1; 180/0)
AUSMDU00049287,3.5.4.3,3.5.4.3,1.0,3.5.4.3,3.5,3,1.0,1.0,NA,96,AUSMDU00049287,SRR17283698,PRJNA319593,SAMN24255056,AUSMDU00049287,2019,Samoa,TRUE,FALSE,NA,3.5.4.3,AUSMDU00049287,typhi,91.512,3.5.4.3,strong,-,-,-,-,1 (1; 0/207); 2 (1; 0/199); 3 (1; 0/305); 3.5 (1; 209/0); 3.5.4 (1; 158/0); 3.5.4.3 (1; 275/1)
AUSMDU00049302,3.5.4.3,3.5.4.3,1.0,3.5.4.3,3.5,3,1.0,1.0,NA,96,AUSMDU00049302,SRR17283686,SRR17299239,PRJNA319593,SAMN24255067,NA,2020,TRUE,FALSE,614c4d44487730da16da856b,3.5.4.3,AUSMDU00049302,typhi,91.99,3.5.4.3,strong,-,-,-,-,1 (1; 0/206); 2 (1; 0/207); 3 (1; 0/342); 3.5 (1; 203/0); 3.5.4 (1; 200/0); 3.5.4.3 (1; 229/0)
AUSMDU00049305,3.5.4.1,3.5.4.1,1.0,3.5.4.1,3.5,3,1.0,1.0,NA,96,AUSMDU00049305,SRR17283682,SRR17299238,PRJNA319593,SAMN24255070,NA,2020,TRUE,FALSE,614c4d444877301bfeda856e,3.5.4.1,AUSMDU00049305,typhi,91.504,3.5.4.1,strong,-,-,-,-,1 (1; 0/216); 2 (1; 0/210); 3 (1; 0/303); 3.5 (1; 208/0); 3.5.4 (1; 186/0); 3.5.4.1 (1; 329/0)
AUSMDU00049308,3.5.4.1,3.5.4.1,1.0,3.5.4.1,3.5,3,1.0,1.0,NA,96,AUSMDU00049308,SRR17283680,SRR17299237,PRJNA319593,SAMN24255072,NA,2020,TRUE,FALSE,614c4d444877302c73da8570,3.5.4.1,AUSMDU00049308,typhi,91.521,3.5.4.1,strong,-,-,-,-,1 (1; 0/248); 2 (1; 0/223); 3 (1; 0/401); 3.5 (1; 271/0); 3.5.4 (1; 222/0); 3.5.4.1 (1; 300/0)
AUSMDU00049311,3.5.4.3,3.5.4.3,1.0,3.5.4.3,3.5,3,1.0,1.0,NA,96,AUSMDU00049311,SRR17283677,PRJNA319593,SAMN24255075,AUSMDU00049311,2020,Samoa,TRUE,FALSE,NA,3.5.4.3,AUSMDU00049311,typhi,91.514,3.5.4.3,strong,-,-,-,-,1 (1; 0/207); 2 (1; 0/190); 3 (1; 0/244); 3.5 (1; 242/0); 3.5.4 (1; 190/0); 3.5.4.3 (1; 236/0)
AUSMDU00049496,3.5.4.2,3.5.4.2,1.0,3.5.4.2,3.5,3,1.0,1.0,NA,96,AUSMDU00049496,SRR17283631,SRR17299235,PRJNA319593,SAMN24255088,NA,2020,TRUE,FALSE,614c4d44487730ad13da8580,3.5.4.2,AUSMDU00049496,typhi,91.546,3.5.4.2,strong,-,-,-,-,1 (1; 0/183); 2 (1; 0/186); 3 (1; 0/253); 3.5 (1; 165/0); 3.5.4 (1; 150/0); 3.5.4.2 (1; 146/0)
AUSMDU00051266,3.5.4,3.5.4,1.0,3.5.4,3.5,3,1.0,1.0,NA,96,AUSMDU00051266,SRR17283745,SRR17299245,PRJNA319593,SAMN24255094,NA,1991,TRUE,FALSE,614c4d4448773062e5da8583,3.5.4,AUSMDU00051266,typhi,91.549,3.5.4,strong,-,-,-,-,1 (1; 0/69); 2 (1; 0/148); 3 (1; 0/182); 3.5 (1; 117/0); 3.5.4 (1; 91/0)
AUSMDU00051359,3.5.4.3,3.5.4.3,1.0,3.5.4.3,3.5,3,1.0,1.0,NA,96,AUSMDU00051359,SRR17283743,SRR17299244,PRJNA319593,SAMN24255096,NA,1994,TRUE,FALSE,614c4d444877304abada8585,3.5.4.3,AUSMDU00051359,typhi,91.528,3.5.4.3,strong,-,-,-,-,1 (1; 0/125); 2 (1; 0/100); 3 (1; 0/181); 3.5 (1; 126/0); 3.5.4 (1; 117/0); 3.5.4.3 (1; 151/0)
AUSMDU00051360,4.1,4.1,1.0,NA,4.1,4,NA,1.0,1.0,96,AUSMDU00051360,SRR17283742,SRR17299243,PRJNA319593,SAMN24255097,NA,1996,TRUE,FALSE,614c4d444877307126da8586,4.1,AUSMDU00051360,typhi,91.48,4.1,strong,-,-,-,-,1 (1; 0/112); 2 (1; 0/85); 3 (1; 0/171); 4 (1; 77/0); 4.1 (1; 130/0)
AUSMDU00052066,3.5.4.3,3.5.4.3,1.0,3.5.4.3,3.5,3,1.0,1.0,NA,96,AUSMDU00052066,SRR17283740,SRR17299242,PRJNA319593,SAMN24255099,NA,2008,TRUE,FALSE,614c4d4448773007a2da8588,3.5.4.3,AUSMDU00052066,typhi,91.494,3.5.4.3,strong,-,-,-,-,1 (1; 0/65); 2 (1; 0/91); 3 (1; 0/143); 3.5 (1; 95/0); 3.5.4 (1; 59/0); 3.5.4.3 (1; 89/0)
AUSMDU00052071,3.5.4.1,3.5.4.1,1.0,3.5.4.1,3.5,3,1.0,1.0,NA,96,AUSMDU00052071,SRR17283704,SRR17299241,PRJNA319593,SAMN24255102,NA,2008,TRUE,FALSE,614c4d44487730c6c9da858b,3.5.4.1,AUSMDU00052071,typhi,91.494,3.5.4.1,strong,-,-,-,-,1 (1; 0/85); 2 (1; 0/85); 3 (1; 0/139); 3.5 (1; 75/0); 3.5.4 (1; 85/0); 3.5.4.1 (1; 114/0)
B113_merged,4.3.1.2.1,4.3.1.2.1,1.0,4.3.1.2.1,NA,4,1.0,NA,1.0,96,B113_merged,ERR4695945,PRJEB40811,ERS5214780,B113_merged,2017,India,TRUE,FALSE,NA,4.3.1.2.1,B113_merged,typhi,91.485,4.3.1.2.1,strong,-,-,-,-,1 (1; 0/13); 2 (1; 0/15); 3 (1; 0/14); 4 (1; 11/0); 4.3.1 (1; 7/0); 4.3.1.2 (1; 4/0); 4.3.1.2.1 (1; 7/0)
B41_merged,4.3.1.2.1,4.3.1.2.1,1.0,4.3.1.2.1,NA,4,1.0,NA,1.0,96,B41_merged,ERR4695925,PRJEB40811,ERS5214746,B41_merged,2017,India,TRUE,FALSE,NA,4.3.1.2.1,B41_merged,typhi,91.518,4.3.1.2.1,strong,-,-,-,-,1 (1; 0/23); 2 (1; 0/18); 3 (1; 0/27); 4 (1; 19/0); 4.3.1 (1; 22/0); 4.3.1.2 (1; 9/0); 4.3.1.2.1 (1; 21/0)
B498,4.3.1,4.3.1,1.0,4.3.1,NA,4,1.0,NA,1.0,96,B498,ERR4695912,PRJEB40811,ERS5214726,B498,2017,India,TRUE,FALSE,NA,4.3.1,B498,typhi,91.478,4.3.1,strong,-,-,-,-,1 (1; 0/6); 2 (1; 0/4); 3 (1; 0/13); 4 (1; 7/0); 4.3.1 (1; 15/0)
10071_3#9,3.3.2,3.3.2,0.94,3.3.2,3.3,3,0.98,0.96,NA,96,10071_3#9,ERR337985,ERP001718,SAMEA1973193,10071_3_9_BanTY063_2012,2012,Bangladesh,FALSE,TRUE,10071_3_9_BanTY063_2012,3.3.2,10071_3#9,typhi,91.727,3.3.2,strong,-,-,-,-,1 (1; 0/52); 2 (1; 0/28); 3 (1; 1/45); 3.3 (1; 37/2); 3.3.2 (1; 75/2)
10071_3#85,2.1.8,2.1.8,0.95,2.1.8,2.1,2,0.95,1.0,NA,96,10071_3#85,ERR338061,ERP001718,SAMEA2059203,10071_3_85_IndoA127_2011,2011,Indonesia,FALSE,TRUE,10071_3_85_IndoA127_2011,2.1.8,10071_3#85,typhi,91.697,2.1.8,strong,-,-,-,-,1 (1; 0/47); 2 (1; 0/56); 2.1 (1; 41/0); 2.1.8 (1; 40/2)
9953_5#58,4.1,4.1,0.87,NA,4.1,4,NA,0.91,0.96,96,9953_5#58,ERR326654,ERP001718,SAMEA2059363,9953_5_58_IndoA395_2009,2009,Indonesia,FALSE,TRUE,9953_5_58_IndoA395_2009,4.1,9953_5#58,typhi,91.892,4.1,strong,-,-,-,-,1 (1; 0/69); 2 (1; 0/85); 3 (1; 0/68); 4 (1; 40/2); 4.1 (1; 60/5)
10060_6#58,3.4,3.4,0.94,NA,3.4,3,NA,0.94,NA,96,10060_6#58,ERR331355,ERP001718,SAMEA2059685,10060_6_58_LaoUI5446_2004,2004,Laos,FALSE,TRUE,10060_6_58_LaoUI5446_2004,3.4,10060_6#58,typhi,91.52,3.4,strong,-,-,-,-,1 (1; 0/77); 2 (1; 0/77); 3 (1; 0/61); 3.4 (1; 50/2)
10060_6#62,3.4,3.4,0.99,NA,3.4,3,NA,0.99,NA,96,10060_6#62,ERR331359,ERP001718,SAMEA2055264,10060_6_62_LaoUX229_2009,2009,Laos,FALSE,TRUE,10060_6_62_LaoUX229_2009,3.4,10060_6#62,typhi,91.593,3.4,strong,-,-,-,-,1 (1; 0/58); 2 (1; 0/70); 3 (1; 0/61); 3.4 (1; 74/1)
10209_5#27,4.3.1.1,4.3.1.1,0.19,4.3.1.1,4.1,4,0.75,0.26,1.0,96,10209_5#27,ERR340783,ERP001718,SAMEA2067818,10209_5_27_LaoUI1059_2001,2001,Laos,FALSE,TRUE,10209_5_27_LaoUI1059_2001,4.3.1.1,10209_5#27,typhi,91.543,4.3.1.1,weak,0.708,4.3.1 (0.5; 82/23); 4.3.1.1 (0.5; 68/28),0.255,4.1 (0.5; 27/79),1 (1; 0/95); 2 (1; 0/107); 3 (1; 0/94); 4 (1; 110/0); 4.3.1 (0.5; 82/23); 4.3.1.1 (0.5; 68/28)
9953_5#85,3.4,3.4,0.98,NA,3.4,3,NA,0.98,NA,96,9953_5#85,ERR326681,ERP001718,SAMEA1965836,9953_5_85_LaoLNT565_2008,2008,Laos,FALSE,TRUE,9953_5_85_LaoLNT565_2008,3.4,9953_5#85,typhi,91.943,3.4,strong,-,-,-,-,1 (1; 0/61); 2 (1; 0/77); 3 (1; 0/60); 3.4 (1; 53/1)
9475_6#45,4.3.1.1.EA1,4.3.1.1.EA1,0.88,4.3.1.1.EA1,NA,4,0.9,NA,0.97,96,9475_6#45,ERR279142,ERP001718,SAMEA1903871,9475_6_45_Mal1021624_2011,2011,Malawi,FALSE,TRUE,9475_6_45_Mal1021624_2011,4.3.1.1.EA1,9475_6#45,typhi,91.916,4.3.1.1.EA1,strong,-,-,-,-,1 (1; 0/71); 2 (1; 1/82); 3 (1; 0/66); 4 (1; 57/1); 4.3.1 (1; 106/2); 4.3.1.1 (1; 65/2); 4.3.1.1.EA1 (1; 95/9)
9475_6#56,"4.3.1.1.EA1,4.3.1.2","4.3.1.1.EA1,4.3.1.2",0.0,"4.3.1.1.EA1,4.3.1.2",2.4,"4,3","0.17,0.75",0.13,"0.87,0.16",96,9475_6#56,ERR279153,ERP001718,SAMEA1903882,9475_6_56_MalA53789_2009,2009,Malawi,FALSE,TRUE,9475_6_56_MalA53789_2009,4.3.1.2,9475_6#56,typhi,91.942,4.3.1.2,moderate,0.755,4.3.1.2 (0.5; 83/27),0.177,4.3.1.1 (0; 8/68); 4.3.1.1.EA1 (0.5; 20/93),1 (1; 0/85); 2 (1; 0/81); 3 (1; 14/83); 4 (1; 59/9); 4.3.1 (1; 70/10); 4.3.1.2 (0.5; 83/27)
9475_6#67,4.3.1.1.EA1,4.3.1.1.EA1,0.83,4.3.1.1.EA1,NA,4,0.89,NA,0.94,96,9475_6#67,ERR279164,ERP001718,SAMEA1903893,9475_6_67_Mal1019806_2011,2011,Malawi,FALSE,TRUE,9475_6_67_Mal1019806_2011,4.3.1.1.EA1,9475_6#67,typhi,91.895,4.3.1.1.EA1,strong,-,-,-,-,1 (1; 0/85); 2 (1; 0/55); 3 (1; 4/61); 4 (1; 68/3); 4.3.1 (1; 93/11); 4.3.1.1 (1; 45/5); 4.3.1.1.EA1 (1; 80/9)
9475_6#68,4.3.1.1.EA1,4.3.1.1.EA1,0.86,4.3.1.1.EA1,NA,4,0.92,NA,0.94,96,9475_6#68,ERR279165,ERP001718,SAMEA1903894,9475_6_68_Mal1018617_2011,2011,Malawi,FALSE,TRUE,9475_6_68_Mal1018617_2011,4.3.1.1.EA1,9475_6#68,typhi,91.916,4.3.1.1.EA1,strong,-,-,-,-,1 (1; 0/79); 2 (1; 0/88); 3 (1; 4/78); 4 (1; 59/5); 4.3.1 (1; 93/10); 4.3.1.1 (1; 72/7); 4.3.1.1.EA1 (1; 105/10)
9475_6#79,4.3.1.1.EA1,4.3.1.1.EA1,0.87,4.3.1.1.EA1,NA,4,0.96,NA,0.9,96,9475_6#79,ERR279176,ERP001718,SAMEA1903906,9475_6_79_Mal1031581_2012,2012,Malawi,FALSE,TRUE,9475_6_79_Mal1031581_2012,4.3.1.1.EA1,9475_6#79,typhi,91.989,4.3.1.1.EA1,strong,-,-,-,-,1 (1; 0/85); 2 (1; 0/77); 3 (1; 7/57); 4 (1; 76/7); 4.3.1 (1; 97/6); 4.3.1.1 (1; 77/8); 4.3.1.1.EA1 (1; 141/4)
9475_6#81,2.4.1,2.4.1,0.0,2.4.1,"4.1,2.4,2.2","4,3",0.23,"0.11,0.19,0.46","0.14,0.88",96,9475_6#81,ERR279178,ERP001718,SAMEA1903909,9475_6_81_MalA33112_2005,2005,Malawi,FALSE,TRUE,9475_6_81_MalA33112_2005,2.4.1,9475_6#81,typhi,91.979,2.4.1,weak,0.209,2.4 (0.5; 19/72); 2.4.1 (0.5; 16/51),0.424,2.2 (0.5; 50/68),1 (1; 0/65); 2 (1; 2/80); 2.4 (0.5; 19/72); 2.4.1 (0.5; 16/51)
9475_6#85,2.4.1,2.4.1,0.88,2.4.1,2.4,2,0.96,0.92,NA,96,9475_6#85,ERR279182,ERP001718,SAMEA1903915,9475_6_85_MalA40201_2006,2006,Malawi,FALSE,TRUE,9475_6_85_MalA40201_2006,2.4.1,9475_6#85,typhi,91.966,2.4.1,strong,-,-,-,-,1 (1; 1/86); 2 (1; 0/89); 2.4 (1; 69/4); 2.4.1 (1; 75/3)
9475_6#94,4.1.1,4.1.1,0.92,4.1.1,4.1,4,0.95,0.99,0.99,96,9475_6#94,ERR279191,ERP001718,SAMEA1903921,9475_6_94_MalD41342_2007,2007,Malawi,FALSE,TRUE,9475_6_94_MalD41342_2007,4.1.1,9475_6#94,typhi,94.824,4.1.1,strong,-,-,-,-,1 (1; 1/79); 2 (1; 0/94); 3 (1; 1/100); 4 (1; 61/1); 4.1 (1; 68/1); 4.1.1 (1; 126/11)
10492_1#65,"2.1.7.2,2.1.7.1","2.1.7.2,2.1.7.1",0.16,"2.1.7.2,2.1.7.1",2.1,2,"0.21,0.74",1.0,NA,96,10492_1#65,ERR352318,ERP001718,SAMEA2154858,10492_1_65_PNGMDUST355_1994,1994,Australia,FALSE,TRUE,10492_1_65_PNGMDUST355_1994,2.1.7.2,10492_1#65,typhi,91.697,2.1.7.2,weak,0.188,2.1.7.2 (0.5; 9/39),0.734,2.1.7.1 (0.5; 47/17),1 (1; 0/60); 2 (1; 0/64); 2.1 (1; 38/0); 2.1.7 (1; 49/0); 2.1.7.2 (0.5; 9/39)
8447_8#13,4.2.1,4.2.1,0.92,4.2.1,4.2,4,0.92,1.0,1.0,96,8447_8#13,ERR204256,ERP001718,SAMEA1572806,8447_8_13_FijMDUST85_2008,2008,Fiji,FALSE,TRUE,8447_8_13_FijMDUST85_2008,4.2.1,8447_8#13,typhi,91.478,4.2.1,strong,-,-,-,-,1 (1; 1/179); 2 (1; 0/198); 3 (1; 0/208); 4 (1; 199/0); 4.2 (1; 208/0); 4.2.1 (1; 189/15)
ERR4451290,2.4.1,2.4.1,0.81,2.4.1,2.4,2,1.0,0.81,NA,96,ERR4451290,ERR4451290,ERP123572,SAMEA7176424,YA00107522,2018,South Africa,FALSE,TRUE,YA00107522,2.4.1,ERR4451290,typhi,91.697,2.4.1,strong,-,-,-,-,1 (1; 0/27); 2 (1; 0/16); 2.4 (1; 49/9); 2.4.1 (1; 11/0)
ERR4451306,4.3.1.1.EA1,4.3.1.1.EA1,0.06,4.3.1.1.EA1,2.4,"4,3",0.61,0.4,"0.54,0.43",96,ERR4451306,ERR4451306,ERP123572,SAMEA7176440,YA00075189,2017,South Africa,FALSE,TRUE,YA00075189,4.3.1.1.EA1,ERR4451306,typhi,91.939,4.3.1.1.EA1,weak,0.429,3 (0.5; 42/56); 4 (0.5; 19/19); 4.3.1 (0.5; 63/41); 4.3.1.1 (0.5; 56/36); 4.3.1.1.EA1 (0.5; 44/33),0.413,2.4 (0.5; 31/44),1 (1; 0/69); 2 (1; 0/33); 3 (0.5; 42/56); 4 (0.5; 19/19); 4.3.1 (0.5; 63/41); 4.3.1.1 (0.5; 56/36); 4.3.1.1.EA1 (0.5; 44/33)
ERR4451376,2.4,2.4,0.94,NA,2.4,2,NA,0.94,NA,96,ERR4451376,ERR4451376,ERP123572,SAMEA7176510,YA00043990,2017,South Africa,FALSE,TRUE,YA00043990,2.4,ERR4451376,typhi,95.095,2.4,strong,-,-,-,-,1 (1; 0/52); 2 (1; 1/41); 2.4 (1; 77/1)
ERR4451535,2.5.1,2.5.1,0.73,2.5.1,2.5,2,0.85,0.86,NA,96,ERR4451535,ERR4451535,ERP123572,SAMEA7176669,YA00029447,2017,South Africa,FALSE,TRUE,YA00029447,2.5.1,ERR4451535,typhi,91.994,2.5.1,strong,-,-,-,-,1 (1; 0/80); 2 (1; 0/64); 2.5 (1; 89/11); 2.5.1 (1; 82/12)
ERR4451624,"4.3.1.1,3.3.1","4.3.1.1,3.3.1",0.11,"4.3.1.1,3.3.1",3.3,3,"0.13,0.92",0.92,NA,96,ERR4451624,ERR4451624,ERP123572,SAMEA7176758,YA00136478,2018,South Africa,FALSE,TRUE,YA00136478,3.3.1,ERR4451624,typhi,92.033,3.3.1,strong,-,-,-,-,1 (1; 0/63); 2 (1; 0/80); 3 (1; 0/79); 3.3 (1; 79/9); 3.3.1 (1; 79/7)
ERR5751137,"4.3.1.1.EA1,2.3.2,4.1.1","4.3.1.1.EA1,2.3.2,4.1.1",0.01,"4.3.1.1.EA1,2.3.2,4.1.1",NA,4,"0.89,0.12,0.12",NA,0.9,96,ERR5751137,ERR5751137,ERP123079,SAMEA8598152,YA00180876,2019,South Africa,FALSE,TRUE,YA00180876,4.3.1.1.EA1,ERR5751137,typhi,95.033,4.3.1.1.EA1,strong,-,-,-,-,1 (1; 7/83); 2 (1; 3/107); 3 (1; 5/76); 4 (1; 91/11); 4.3.1 (1; 79/11); 4.3.1.1 (1; 88/10); 4.3.1.1.EA1 (1; 60/5)
ERR5751138,"2.4.1,2.3.2","2.4.1,2.3.2",0.02,"2.4.1,2.3.2","2.3,2.4",2,"0.16,0.84","0.93,0.19",NA,96,ERR5751138,ERR5751138,ERP123079,SAMEA8598153,YA00169563,2019,South Africa,FALSE,TRUE,YA00169563,2.3.2,ERR5751138,typhi,91.734,2.3.2,strong,-,-,0.194,2.4 (0.5; 18/75),1 (1; 0/96); 2 (1; 0/90); 2.2 (1; 104/19); 2.3 (1; 85/7); 2.3.2 (1; 80/15)
270_13_S2,4.3.1.2.EA3,4.3.1.2.EA3,1,4.3.1.2.EA3,NA,4,1,NA,1,96,270_13_S2,SRR12278707,PRJNA641578,SAMN15356756,270_13,2013,Rwanda,FALSE,TRUE,270_13,4.3.1.2.EA3,270_13_S2,typhi,91.247,4.3.1.2.EA3,strong,-,-,-,-,1 (1; 0/8); 2 (1; 0/10); 3 (1; 0/14); 4 (1; 8/0); 4.3.1 (1; 9/0); 4.3.1.2 (1; 10/0); 4.3.1.2.EA3 (1; 9/0)
BS055_10_S29,2.5.1,2.5.1,1,2.5.1,2.5,2,1,1,NA,96,BS055_10_S29,SRR12278712,PRJNA641578,SAMN15356751,BS055_10,2010,Rwanda,FALSE,TRUE,BS055_10,2.5.1,BS055_10_S29,typhi,91.343,2.5.1,strong,-,-,-,-,1 (1; 0/7); 2 (1; 0/10); 2.5 (1; 6/0); 2.5.1 (1; 5/0)
