genome	species	spp_percent	genotype	confidence	lowest support for genotype marker	poorly supported markers	max support for additional markers	additional markers	node support	ampicillin	azithromycin	ceftriaxone	ciprofloxacin	chloramphenicol	sulfonamides	trimethoprim	trimethoprim-sulfamethoxazole	tetracycline	IncFIAHI1	IncHI1A	IncHI1BR27	IncHI1_ST6	IncY	IncX3	IncHI2A	IncI1	IncL_M	IncFIB_pHCM2	IncFIB_K	IncN	z66	num QRDR	parC_S80I	parC_S80R	parC_E84G	parC_E84K	gyrA_S83F	gyrA_S83Y	gyrA_D87G	gyrA_D87N	gyrA_D87V	gyrA_D87Y	gyrB_S464F	gyrB_S464Y	acrB_R717L	acrB_R717Q	mphA	ermB	ereA	blaTEM-1D	blaCTX-M-15	AmpC1	blaOXA-7	blaOXA-134	blaSHV-12	qnrS1	qnrB1	qnrD1	catA1	cmlA1	sul1	sul2	dfrA1	dfrA5	dfrA7	dfrA14	dfrA15	dfrA17	dfrA18	tetA	tetB	tetC	tetD
2016AM-0658_barcode13	typhi	91.738	2.0.2	strong	-	-	-	-	1 (1; 0/76); 2 (1; 0/77); 2.0.2 (1; 91/0)	S	S	S	I: gyrA_S83F	S	S	S	S	S	0	0	0	0	0	0	0	0	0	0	0	0	0	1	0	0	0	0	1	0	0	0	0	0	0	0	0	0	0	0	0	0	0	0	0	0	0	0	0	0	0	0	0	0	0	0	0	0	0	0	0	0	0	0	0
2016AM-1002_barcode14	typhi	91.711	2.3.2	strong	-	-	-	-	1 (1; 0/45); 2 (1; 0/36); 2.2 (1; 50/0); 2.3 (1; 48/0); 2.3.2 (1; 23/1)	S	S	S	I: gyrA_D87N	S	S	S	S	S	0	0	0	0	0	0	0	0	0	0	0	0	0	1	0	0	0	0	0	0	0	1	0	0	0	0	0	0	0	0	0	0	0	0	0	0	0	0	0	0	0	0	0	0	0	0	0	0	0	0	0	0	0	0	0
2016AM-1138_barcode15	typhi	91.708	3.1.1	strong	-	-	-	-	1 (1; 0/43); 2 (1; 0/42); 3 (1; 0/53); 3.1 (1; 58/0); 3.1.1 (1; 47/0)	R: blaTEM-1D	S	S	I: gyrA_S83Y	S	R: sul2	R: dfrA14	R: dfrA14;sul2	R: tetA	0	0	0	0	1	0	0	0	0	0	0	0	0	1	0	0	0	0	0	1	0	0	0	0	0	0	0	0	0	0	0	1	0	0	0	0	0	0	0	0	0	0	0	1	0	0	0	1	0	0	0	1	0	0	0
2016AM-1778_barcode16	typhi	91.763	2.2	strong	-	-	-	-	1 (1; 0/192); 2 (1; 0/163); 2.2 (1; 244/0)	S	S	S	I: gyrA_S83F	S	S	S	S	S	0	0	0	0	0	0	0	0	0	0	0	0	0	1	0	0	0	0	1	0	0	0	0	0	0	0	0	0	0	0	0	0	0	0	0	0	0	0	0	0	0	0	0	0	0	0	0	0	0	0	0	0	0	0	0
2016AM-2287_barcode17	typhi	91.831	3.3	strong	-	-	-	-	1 (1; 0/65); 2 (1; 0/79); 3 (1; 1/70); 3.3 (1; 88/0)	S	S	S	I: gyrA_S83F	S	S	S	S	S	0	0	0	0	0	0	0	0	0	0	0	0	0	1	0	0	0	0	1	0	0	0	0	0	0	0	0	0	0	0	0	0	0	0	0	0	0	0	0	0	0	0	0	0	0	0	0	0	0	0	0	0	0	0	0
2016AM-3315_barcode18	typhi	91.753	0.0.1	strong	-	-	-	-	0.0.1 (1; 195/0)	S	S	S	S	S	S	S	S	S	0	0	0	0	0	0	0	0	0	0	0	0	0	0	0	0	0	0	0	0	0	0	0	0	0	0	0	0	0	0	0	0	0	0	0	0	0	0	0	0	0	0	0	0	0	0	0	0	0	0	0	0	0	0	0
2016AM-3795_barcode19	typhi	91.745	2.2.2	strong	-	-	-	-	1 (1; 0/78); 2 (1; 0/84); 2.2 (1; 88/0); 2.2.2 (1; 89/0)	S	S	S	S	S	S	S	S	S	0	0	0	0	0	0	0	0	0	0	0	0	0	0	0	0	0	0	0	0	0	0	0	0	0	0	0	0	0	0	0	0	0	0	0	0	0	0	0	0	0	0	0	0	0	0	0	0	0	0	0	0	0	0	0
2017AM-1073_barcode20	typhi	91.793	3.3.2.Bd2	strong	-	-	-	-	1 (1; 0/123); 2 (1; 0/138); 3 (1; 0/127); 3.3 (1; 170/0); 3.3.2 (1; 144/0); 3.3.2.Bd2 (1; 102/1)	S	S	S	I: gyrA_D87N	S	S	S	S	S	0	0	0	0	0	0	0	0	0	1	0	0	0	1	0	0	0	0	0	0	0	1	0	0	0	0	0	0	0	0	0	0	0	0	0	0	0	0	0	0	0	0	0	0	0	0	0	0	0	0	0	0	0	0	0
2017AM-1872_barcode21	typhi	91.73	2.5	strong	-	-	-	-	1 (1; 0/5); 2 (1; 0/3); 2.5 (1; 21/0)	S	S	S	I: gyrA_S83F	S	S	S	S	S	0	0	0	0	0	0	0	0	0	1	0	0	0	1	0	0	0	0	1	0	0	0	0	0	0	0	0	0	0	0	0	0	0	0	0	0	0	0	0	0	0	0	0	0	0	0	0	0	0	0	0	0	0	0	0
2017AM-3458_barcode22	typhi	91.522	4.1	strong	-	-	-	-	1 (1; 0/180); 2 (1; 0/178); 3 (1; 0/163); 4 (1; 102/0); 4.1 (1; 162/0)	S	S	S	S	S	S	S	S	S	0	0	0	0	0	0	0	0	0	0	0	0	0	0	0	0	0	0	0	0	0	0	0	0	0	0	0	0	0	0	0	0	0	0	0	0	0	0	0	0	0	0	0	0	0	0	0	0	0	0	0	0	0	0	0
2017AM-3528_barcode23	typhi	90.802	1.1	strong	-	-	-	-	1 (1; 0/43); 1.1 (1; 62/0)	S	S	S	I: gyrA_D87N	S	S	S	S	S	0	0	0	0	0	0	0	0	0	0	0	0	0	1	0	0	0	0	0	0	0	1	0	0	0	0	0	0	0	0	0	0	0	0	0	0	0	0	0	0	0	0	0	0	0	0	0	0	0	0	0	0	0	0	0
2018AM-1008_barcode24	typhi	91.711	0.0.3	strong	-	-	-	-	0.0.3 (1; 71/0)	S	S	S	I: gyrA_D87G	S	S	S	S	S	0	0	0	0	0	0	0	0	0	0	0	0	0	1	0	0	0	0	0	0	1	0	0	0	0	0	0	0	0	0	0	0	0	0	0	0	0	0	0	0	0	0	0	0	0	0	0	0	0	0	0	0	0	0	0
BZD2E5	typhi	92.044	4.3.1.1.EA1	strong	-	-	-	-	1 (1; 0/67); 2 (1; 1/93); 3 (1; 2/128); 4 (1; 88/0); 4.3.1 (1; 145/1); 4.3.1.1 (1; 82/1); 4.3.1.1.EA1 (1; 93/0)	R: blaTEM-1D	S	S	I: gyrB_S464F	R: catA1	R: sul1;sul2	R: dfrA7	R: dfrA7;sul1;sul2	S	0	0	0	0	0	0	0	0	0	0	0	0	0	1	0	0	0	0	0	0	0	0	0	0	1	0	0	0	0	0	0	1	0	0	0	0	0	0	0	0	1	0	1	1	0	0	1	0	0	0	0	0	0	0	0
BZD2ZC	typhi	95.015	4.3.1.1.EA1	strong	-	-	-	-	1 (1; 0/98); 2 (1; 0/137); 3 (1; 1/167); 4 (1; 141/0); 4.3.1 (1; 140/1); 4.3.1.1 (1; 95/0); 4.3.1.1.EA1 (1; 131/1)	R: blaTEM-1D	S	S	I: gyrB_S464F	R: catA1	R: sul1;sul2	R: dfrA7	R: dfrA7;sul1;sul2	S	0	0	0	0	0	0	0	0	0	0	0	0	0	1	0	0	0	0	0	0	0	0	0	0	1	0	0	0	0	0	0	1	0	0	0	0	0	0	0	0	1	0	1	1	0	0	1	0	0	0	0	0	0	0	0
BZD44J	typhi	95.04	4.3.1.1.EA1	strong	-	-	-	-	1 (1; 0/104); 2 (1; 0/134); 3 (1; 0/165); 4 (1; 141/0); 4.3.1 (1; 151/3); 4.3.1.1 (1; 99/0); 4.3.1.1.EA1 (1; 130/0)	R: blaTEM-1D	S	S	S	R: catA1	R: sul1;sul2	R: dfrA7	R: dfrA7;sul1;sul2	S	0	0	0	0	0	0	0	0	0	0	0	0	0	0	0	0	0	0	0	0	0	0	0	0	0	0	0	0	0	0	0	1	0	0	0	0	0	0	0	0	1	0	1	1	0	0	1	0	0	0	0	0	0	0	0
BZD50K	typhi	94.982	4.3.1.1.EA1	strong	-	-	-	-	1 (1; 0/71); 2 (1; 0/97); 3 (1; 0/112); 4 (1; 97/0); 4.3.1 (1; 122/0); 4.3.1.1 (1; 74/0); 4.3.1.1.EA1 (1; 98/2)	R: blaTEM-1D	S	S	S	R: catA1	R: sul1;sul2	R: dfrA7	R: dfrA7;sul1;sul2	S	0	0	0	0	0	0	0	0	0	0	0	0	0	0	0	0	0	0	0	0	0	0	0	0	0	0	0	0	0	0	0	1	0	0	0	0	0	0	0	0	1	0	1	1	0	0	1	0	0	0	0	0	0	0	0
BZD5DD	typhi	95.093	4.3.1.1.EA1	strong	-	-	-	-	1 (1; 0/128); 2 (1; 0/198); 3 (1; 0/235); 4 (1; 203/0); 4.3.1 (1; 228/5); 4.3.1.1 (1; 179/0); 4.3.1.1.EA1 (1; 194/1)	R: blaTEM-1D	S	S	I: gyrB_S464F	R: catA1	R: sul1;sul2	R: dfrA7	R: dfrA7;sul1;sul2	S	0	0	0	0	0	0	0	0	0	0	0	0	0	1	0	0	0	0	0	0	0	0	0	0	1	0	0	0	0	0	0	1	0	0	0	0	0	0	0	0	1	0	1	1	0	0	1	0	0	0	0	0	0	0	0
BZD5JZ	typhi	91.782	4.3.1.1.EA1	strong	-	-	-	-	1 (1; 0/54); 2 (1; 0/71); 3 (1; 0/84); 4 (1; 73/0); 4.3.1 (1; 97/0); 4.3.1.1 (1; 57/0); 4.3.1.1.EA1 (1; 70/0)	R: blaTEM-1D	S	S	S	R: catA1	R: sul1;sul2	R: dfrA7	R: dfrA7;sul1;sul2	S	0	0	0	0	0	0	0	0	0	0	0	0	0	0	0	0	0	0	0	0	0	0	0	0	0	0	0	0	0	0	0	1	0	0	0	0	0	0	0	0	1	0	1	1	0	0	1	0	0	0	0	0	0	0	0
BZD62J	not typhi	0.0	NA	NA	NA	NA	NA	NA	NA	NA	NA	NA	NA	NA	NA	NA	S	NA	NA	NA	NA	NA	NA	NA	NA	NA	NA	NA	NA	NA	NA	0	NA	NA	NA	NA	NA	NA	NA	NA	NA	NA	NA	NA	NA	NA	NA	NA	NA	NA	NA	NA	NA	NA	NA	NA	NA	NA	NA	NA	NA	NA	NA	NA	NA	NA	NA	NA	NA	NA	NA	NA	NA
BZD6D3	typhi	94.947	4.3.1.1.EA1	strong	-	-	-	-	1 (1; 0/92); 2 (1; 0/127); 3 (1; 0/148); 4 (1; 110/0); 4.3.1 (1; 134/3); 4.3.1.1 (1; 106/1); 4.3.1.1.EA1 (1; 141/1)	R: blaTEM-1D	S	S	I: gyrB_S464F	R: catA1	R: sul1;sul2	R: dfrA7	R: dfrA7;sul1;sul2	S	0	0	0	0	0	0	0	0	0	0	0	0	0	1	0	0	0	0	0	0	0	0	0	0	1	0	0	0	0	0	0	1	0	0	0	0	0	0	0	0	1	0	1	1	0	0	1	0	0	0	0	0	0	0	0
BZD6GK	typhi	94.989	4.3.1.1.EA1	strong	-	-	-	-	1 (1; 0/73); 2 (1; 0/99); 3 (1; 0/127); 4 (1; 102/0); 4.3.1 (1; 140/3); 4.3.1.1 (1; 92/0); 4.3.1.1.EA1 (1; 94/1)	R: blaTEM-1D	S	S	S	R: catA1	R: sul1;sul2	R: dfrA7	R: dfrA7;sul1;sul2	S	0	0	0	0	0	0	0	0	0	0	0	0	0	0	0	0	0	0	0	0	0	0	0	0	0	0	0	0	0	0	0	1	0	0	0	0	0	0	0	0	1	0	1	1	0	0	1	0	0	0	0	0	0	0	0
CDN33K	typhi	95.074	4.3.1.1.EA1	strong	-	-	-	-	1 (1; 0/127); 2 (1; 1/202); 3 (1; 0/222); 4 (1; 154/0); 4.3.1 (1; 235/1); 4.3.1.1 (1; 130/1); 4.3.1.1.EA1 (1; 161/0)	R: blaTEM-1D	S	S	I: gyrA_S83F	R: catA1	R: sul1;sul2	R: dfrA7	R: dfrA7;sul1;sul2	S	0	0	0	0	0	0	0	0	0	0	0	0	0	1	0	0	0	0	1	0	0	0	0	0	0	0	0	0	0	0	0	1	0	0	0	0	0	0	0	0	1	0	1	1	0	0	1	0	0	0	0	0	0	0	0
CDN5H1	typhi	95.094	4.3.1.1.EA1	strong	-	-	-	-	1 (1; 0/119); 2 (1; 0/197); 3 (1; 0/226); 4 (1; 205/0); 4.3.1 (1; 221/2); 4.3.1.1 (1; 131/0); 4.3.1.1.EA1 (1; 183/0)	R: blaTEM-1D	S	S	S	R: catA1	R: sul1;sul2	R: dfrA7	R: dfrA7;sul1;sul2	S	0	0	0	0	0	0	0	0	0	0	0	0	0	0	0	0	0	0	0	0	0	0	0	0	0	0	0	0	0	0	0	1	0	0	0	0	0	0	0	0	1	0	1	1	0	0	1	0	0	0	0	0	0	0	0
CDN5ZB	typhi	91.749	4.3.1.1.EA1	strong	-	-	-	-	1 (1; 0/96); 2 (1; 0/117); 3 (1; 0/147); 4 (1; 129/0); 4.3.1 (1; 135/1); 4.3.1.1 (1; 94/0); 4.3.1.1.EA1 (1; 114/0)	R: blaTEM-1D	S	S	S	R: catA1	R: sul1;sul2	R: dfrA7	R: dfrA7;sul1;sul2	S	0	0	0	0	0	0	0	0	0	0	0	0	0	0	0	0	0	0	0	0	0	0	0	0	0	0	0	0	0	0	0	1	0	0	0	0	0	0	0	0	1	0	1	1	0	0	1	0	0	0	0	0	0	0	0
DMG2211389_22run	typhi	94.97	4.3.1.2	strong	-	-	-	-	1 (1; 1/68); 2 (1; 1/88); 3 (1; 2/79); 4 (1; 89/2); 4.3.1 (1; 83/6); 4.3.1.2 (1; 96/12)	S	S	R: blaSHV-12	I: gyrA_S83Y	S	S	S	S	S	0	0	0	0	0	1	0	0	0	0	0	0	0	1	0	0	0	0	0	1	0	0	0	0	0	0	0	0	0	0	0	0	0	0	0	0	1	0	0	0	0	0	0	0	0	0	0	0	0	0	0	0	0	0	0
DMG2211389_23run	typhi	95.143	4.3.1.2	strong	-	-	-	-	1 (1; 2/25); 2 (1; 0/22); 3 (1; 6/29); 4 (1; 27/4); 4.3.1 (1; 30/1); 4.3.1.2 (1; 37/6)	S	S	R: blaSHV-12	I: gyrA_S83Y	S	S	S	S	S	0	0	0	0	0	1	0	0	0	0	0	0	0	1	0	0	0	0	0	1	0	0	0	0	0	0	0	0	0	0	0	0	0	0	0	0	1	0	0	0	0	0	0	0	0	0	0	0	0	0	0	0	0	0	0
DMG2211390_22run	typhi	94.911	2.1	strong	-	-	-	-	1 (1; 1/56); 2 (1; 1/70); 2.1 (1; 90/3)	S	S	S	S	S	S	S	S	S	0	0	0	0	0	0	0	0	0	0	0	0	0	0	0	0	0	0	0	0	0	0	0	0	0	0	0	0	0	0	0	0	0	0	0	0	0	0	0	0	0	0	0	0	0	0	0	0	0	0	0	0	0	0	0
DMG2211390_23run	typhi	95.065	2.1	strong	-	-	-	-	1 (1; 4/14); 2 (1; 2/18); 2.1 (1; 16/4)	S	S	S	S	S	S	S	S	S	0	0	0	0	0	0	0	0	0	0	0	0	0	0	0	0	0	0	0	0	0	0	0	0	0	0	0	0	0	0	0	0	0	0	0	0	0	0	0	0	0	0	0	0	0	0	0	0	0	0	0	0	0	0	0
DMG2211391_22run	typhi	91.948	3.1	strong	-	-	-	-	1 (1; 0/42); 2 (1; 1/45); 3 (1; 1/49); 3.1 (1; 55/3)	S	S	S	I: gyrA_S83Y	S	S	S	S	S	0	0	0	0	0	0	0	0	0	0	0	0	0	1	0	0	0	0	0	1	0	0	0	0	0	0	0	0	0	0	0	0	0	0	0	0	0	0	0	0	0	0	0	0	0	0	0	0	0	0	0	0	0	0	0
DMG2211391_23run	typhi	95.178	3.1	strong	-	-	-	-	1 (1; 0/28); 2 (1; 0/26); 3 (1; 2/23); 3.1 (1; 20/4)	S	S	S	I: gyrA_S83Y	S	S	S	S	S	0	0	0	0	0	0	0	0	0	0	0	0	0	1	0	0	0	0	0	1	0	0	0	0	0	0	0	0	0	0	0	0	0	0	0	0	0	0	0	0	0	0	0	0	0	0	0	0	0	0	0	0	0	0	0
DMG2211392_22run	typhi	91.957	0.0.2	strong	-	-	-	-	0.0.2 (1; 99/10)	S	S	S	S	S	S	S	S	S	0	0	0	0	0	0	0	0	0	0	0	0	0	0	0	0	0	0	0	0	0	0	0	0	0	0	0	0	0	0	0	0	0	0	0	0	0	0	0	0	0	0	0	0	0	0	0	0	0	0	0	0	0	0	0
DMG2211392_23run	typhi	95.105	0.0.2	strong	-	-	-	-	0.0.2 (1; 32/5)	S	S	S	S	S	S	S	S	S	0	0	0	0	0	0	0	0	0	0	0	0	0	0	0	0	0	0	0	0	0	0	0	0	0	0	0	0	0	0	0	0	0	0	0	0	0	0	0	0	0	0	0	0	0	0	0	0	0	0	0	0	0	0	0
DMG2211393_22run	typhi	91.789	2.2.2	strong	-	-	-	-	1 (1; 0/36); 2 (1; 1/39); 2.2 (1; 55/4); 2.2.2 (1; 37/5)	S	S	S	I: gyrA_S83F	S	S	S	S	S	0	0	0	0	0	0	0	0	0	0	0	0	0	1	0	0	0	0	1	0	0	0	0	0	0	0	0	0	0	0	0	0	0	0	0	0	0	0	0	0	0	0	0	0	0	0	0	0	0	0	0	0	0	0	0
DMG2211393_23run	typhi	95.088	2.2.2	strong	-	-	-	-	1 (1; 1/29); 2 (1; 0/16); 2.2 (1; 29/3); 2.2.2 (1; 37/1)	S	S	S	I: gyrA_S83F	S	S	S	S	S	0	0	0	0	0	0	0	0	0	0	0	0	0	1	0	0	0	0	1	0	0	0	0	0	0	0	0	0	0	0	0	0	0	0	0	0	0	0	0	0	0	0	0	0	0	0	0	0	0	0	0	0	0	0	0
DMG2211394_22run	typhi	94.997	3.3.1	strong	-	-	-	-	1 (1; 1/89); 2 (1; 0/98); 3 (1; 2/94); 3.3 (1; 121/0); 3.3.1 (1; 98/7)	S	S	S	I: gyrA_S83F	S	S	S	S	S	0	0	0	0	0	0	0	0	0	0	0	0	0	1	0	0	0	0	1	0	0	0	0	0	0	0	0	0	0	0	0	0	0	0	0	0	0	0	0	0	0	0	0	0	0	0	0	0	0	0	0	0	0	0	0
DMG2211394_23run	typhi	95.048	3.3.1	strong	-	-	-	-	1 (1; 3/51); 2 (1; 1/55); 3 (1; 4/64); 3.3 (1; 80/6); 3.3.1 (1; 52/7)	S	S	S	I: gyrA_S83F	S	S	S	S	S	0	0	0	0	0	0	0	0	0	0	0	0	0	1	0	0	0	0	1	0	0	0	0	0	0	0	0	0	0	0	0	0	0	0	0	0	0	0	0	0	0	0	0	0	0	0	0	0	0	0	0	0	0	0	0
DMG2211395_22run	typhi	94.99	4.3.1	strong	-	-	-	-	1 (1; 1/120); 2 (1; 2/97); 3 (1; 6/100); 4 (1; 84/4); 4.3.1 (1; 241/10)	S	S	S	I: gyrA_D87N	S	S	S	S	S	0	0	0	0	0	0	0	0	0	0	0	0	0	1	0	0	0	0	0	0	0	1	0	0	0	0	0	0	0	0	0	0	0	0	0	0	0	0	0	0	0	0	0	0	0	0	0	0	0	0	0	0	0	0	0
DMG2211395_23run	typhi	95.02	4.3.1	strong	-	-	-	-	1 (1; 1/12); 2 (1; 0/25); 3 (1; 0/16); 4 (1; 25/1); 4.3.1 (1; 54/4)	S	S	S	I: gyrA_D87N	S	S	S	S	S	0	0	0	0	0	0	0	0	0	0	0	0	0	1	0	0	0	0	0	0	0	1	0	0	0	0	0	0	0	0	0	0	0	0	0	0	0	0	0	0	0	0	0	0	0	0	0	0	0	0	0	0	0	0	0
DMG2211396_22run	typhi	94.939	2.5	strong	-	-	-	-	1 (1; 1/116); 2 (1; 1/107); 2.5 (1; 128/1)	S	S	S	I: gyrA_S83F	S	S	S	S	S	0	0	0	0	0	0	0	0	0	0	0	0	0	1	0	0	0	0	1	0	0	0	0	0	0	0	0	0	0	0	0	0	0	0	0	0	0	0	0	0	0	0	0	0	0	0	0	0	0	0	0	0	0	0	0
DMG2211396_23run	typhi	95.063	2.5	strong	-	-	-	-	1 (1; 0/58); 2 (1; 4/32); 2.5 (1; 74/4)	S	S	S	I: gyrA_S83F	S	S	S	S	S	0	0	0	0	0	0	0	0	0	0	0	0	0	1	0	0	0	0	1	0	0	0	0	0	0	0	0	0	0	0	0	0	0	0	0	0	0	0	0	0	0	0	0	0	0	0	0	0	0	0	0	0	0	0	0
DMG2211397_23run	typhi	94.688	4.1	strong	-	-	-	-	1 (1; 3/54); 2 (1; 0/45); 3 (1; 4/42); 4 (1; 40/0); 4.1 (1; 38/3)	S	S	S	I: gyrA_S83F	S	S	S	S	S	0	0	0	0	0	0	0	0	0	0	0	0	0	1	0	0	0	0	1	0	0	0	0	0	0	0	0	0	0	0	0	0	0	0	0	0	0	0	0	0	0	0	0	0	0	0	0	0	0	0	0	0	0	0	0
DMG2211398_22run	typhi	92.029	4.3.1.3.Bdq	strong	-	-	-	-	1 (1; 0/42); 2 (1; 0/44); 3 (1; 3/21); 4 (1; 31/1); 4.3.1 (1; 29/3); 4.3.1.3 (1; 23/1); 4.3.1.3.Bdq (1; 21/1)	R: blaTEM-1D	S	S	I: gyrA_S83Y	S	R: sul2	S	S	S	0	0	0	0	0	0	0	0	0	0	1	0	0	1	0	0	0	0	0	1	0	0	0	0	0	0	0	0	0	0	0	1	0	0	0	0	0	0	0	0	0	0	0	1	0	0	0	0	0	0	0	0	0	0	0
DMG2211398_23run	typhi	95.033	4.3.1.3.Bdq	strong	-	-	-	-	1 (1; 1/42); 2 (1; 1/42); 3 (1; 1/24); 4 (1; 48/8); 4.3.1 (1; 39/5); 4.3.1.3 (1; 25/2); 4.3.1.3.Bdq (1; 46/4)	R: blaTEM-1D	S	S	I: gyrA_S83Y	S	R: sul2	S	S	S	0	0	0	0	0	0	0	0	0	0	1	0	0	1	0	0	0	0	0	1	0	0	0	0	0	0	0	0	0	0	0	1	0	0	0	0	0	0	0	0	0	0	0	1	0	0	0	0	0	0	0	0	0	0	0
DMG2211399_22run	typhi	94.852	3.0.2	strong	-	-	-	-	1 (1; 1/69); 2 (1; 2/70); 3 (1; 4/53); 3.0.2 (1; 66/7)	S	S	S	I: gyrA_D87G	S	S	S	S	S	0	0	0	0	0	0	0	0	0	0	0	0	0	1	0	0	0	0	0	0	1	0	0	0	0	0	0	0	0	0	0	0	0	0	0	0	0	0	0	0	0	0	0	0	0	0	0	0	0	0	0	0	0	0	0
DMG2211399_23run	typhi	95.153	3.0.2	strong	-	-	-	-	1 (1; 1/71); 2 (1; 5/73); 3 (1; 1/72); 3.0.2 (1; 69/6)	S	S	S	I: gyrA_D87G	S	S	S	S	S	0	0	0	0	0	0	0	0	0	0	0	0	0	1	0	0	0	0	0	0	1	0	0	0	0	0	0	0	0	0	0	0	0	0	0	0	0	0	0	0	0	0	0	0	0	0	0	0	0	0	0	0	0	0	0
DMG2211400_22run	typhi	94.866	1.1.4	strong	-	-	-	-	1 (1; 1/29); 1.1 (1; 40/3); 1.1.4 (1; 32/2)	S	S	S	S	S	S	S	S	S	0	0	0	0	0	0	0	0	0	0	0	0	0	0	0	0	0	0	0	0	0	0	0	0	0	0	0	0	0	0	0	0	0	0	0	0	0	0	0	0	0	0	0	0	0	0	0	0	0	0	0	0	0	0	0
DMG2211400_23run	not typhi	78.227	NA	NA	NA	NA	NA	NA	NA	NA	NA	NA	NA	NA	NA	NA	S	NA	NA	NA	NA	NA	NA	NA	NA	NA	NA	NA	NA	NA	NA	0	NA	NA	NA	NA	NA	NA	NA	NA	NA	NA	NA	NA	NA	NA	NA	NA	NA	NA	NA	NA	NA	NA	NA	NA	NA	NA	NA	NA	NA	NA	NA	NA	NA	NA	NA	NA	NA	NA	NA	NA	NA
DRR462722	typhi	91.629	4.3.1.1	strong	-	-	-	-	1 (1; 0/19); 2 (1; 0/31); 3 (1; 0/44); 4 (1; 37/0); 4.3.1 (1; 33/1); 4.3.1.1 (1; 56/0)	R: blaTEM-1D	S	S	S	S	R: sul1;sul2	R: dfrA7	R: dfrA7;sul1;sul2	R: tetB	0	0	1	1	0	0	0	0	0	0	0	0	0	0	0	0	0	0	0	0	0	0	0	0	0	0	0	0	0	0	0	1	0	0	0	0	0	0	0	0	0	0	1	1	0	0	1	0	0	0	0	0	1	0	0
DRR462723	typhi	91.849	2.2.1	strong	-	-	-	-	1 (1; 0/26); 2 (1; 0/49); 2.2 (1; 54/0); 2.2.1 (1; 57/2)	S	S	S	S	S	S	S	S	S	0	0	0	0	0	0	0	0	0	0	0	0	0	0	0	0	0	0	0	0	0	0	0	0	0	0	0	0	0	0	0	0	0	0	0	0	0	0	0	0	0	0	0	0	0	0	0	0	0	0	0	0	0	0	0
DRR462724	typhi	91.992	4.3.1.2.1	strong	-	-	-	-	1 (1; 0/10); 2 (1; 0/18); 3 (1; 0/14); 4 (1; 18/0); 4.3.1 (1; 13/0); 4.3.1.2 (1; 20/0); 4.3.1.2.1 (1; 11/0)	S	S	S	R: gyrA_S83F;gyrA_D87N;parC_S80I	S	R: sul1	R: dfrA15	R: dfrA15;sul1	R: tetA	0	0	0	0	0	0	0	0	0	0	0	1	0	3	1	0	0	0	1	0	0	1	0	0	0	0	0	0	0	0	0	0	0	0	0	0	0	0	0	0	0	0	1	0	0	0	0	0	1	0	0	1	0	0	0
DRR462725	typhi	91.973	4.3.1.1	strong	-	-	-	-	1 (1; 0/13); 2 (1; 0/24); 3 (1; 0/32); 4 (1; 28/0); 4.3.1 (1; 21/0); 4.3.1.1 (1; 20/0)	R: blaTEM-1D	S	S	I: gyrA_S83Y	S	R: sul2	S	S	S	0	0	0	0	0	0	0	0	0	0	0	0	0	1	0	0	0	0	0	1	0	0	0	0	0	0	0	0	0	0	0	1	0	0	0	0	0	0	0	0	0	0	0	1	0	0	0	0	0	0	0	0	0	0	0
DRR462726	typhi	91.906	4.3.1	strong	-	-	-	-	1 (1; 0/19); 2 (1; 0/27); 3 (1; 0/36); 4 (1; 25/0); 4.3.1 (1; 19/1)	S	S	S	I: gyrA_S83F	S	S	S	S	S	0	0	0	0	0	0	0	0	0	0	0	0	0	1	0	0	0	0	1	0	0	0	0	0	0	0	0	0	0	0	0	0	0	0	0	0	0	0	0	0	0	0	0	0	0	0	0	0	0	0	0	0	0	0	0
DRR462727	typhi	91.736	2.0.1	strong	-	-	-	-	1 (1; 0/12); 2 (1; 0/13); 2.0.1 (1; 13/0)	S	S	S	I: gyrA_S83F	S	S	S	S	S	0	0	0	0	0	0	0	0	0	0	0	0	0	1	0	0	0	0	1	0	0	0	0	0	0	0	0	0	0	0	0	0	0	0	0	0	0	0	0	0	0	0	0	0	0	0	0	0	0	0	0	0	0	0	0
DRR462728	typhi	91.992	4.3.1.2	strong	-	-	-	-	1 (1; 0/19); 2 (1; 0/26); 3 (1; 0/52); 4 (1; 38/0); 4.3.1 (1; 31/3); 4.3.1.2 (1; 23/0)	S	S	S	I: gyrA_S83F;parC_E84G	S	S	S	S	S	0	0	0	0	0	0	0	0	0	1	0	0	0	2	0	0	1	0	1	0	0	0	0	0	0	0	0	0	0	0	0	0	0	0	0	0	0	0	0	0	0	0	0	0	0	0	0	0	0	0	0	0	0	0	0
DRR462729	typhi	91.56	4.3.1.2.1	strong	-	-	-	-	1 (1; 0/15); 2 (1; 0/30); 3 (1; 0/32); 4 (1; 21/0); 4.3.1 (1; 18/1); 4.3.1.2 (1; 17/0); 4.3.1.2.1 (1; 10/0)	S	S	S	R: gyrA_S83F;gyrA_D87N;parC_S80I	S	R: sul1	R: dfrA15	R: dfrA15;sul1	R: tetA	0	0	0	0	0	0	0	0	0	0	0	1	0	3	1	0	0	0	1	0	0	1	0	0	0	0	0	0	0	0	0	0	0	0	0	0	0	0	0	0	0	0	1	0	0	0	0	0	1	0	0	1	0	0	0
DRR462730	typhi	91.966	4.3.1.1	strong	-	-	-	-	1 (1; 0/23); 2 (1; 0/33); 3 (1; 0/54); 4 (1; 33/0); 4.3.1 (1; 45/0); 4.3.1.1 (1; 45/0)	S	S	S	I: gyrA_S83F	S	S	S	S	S	0	0	0	0	0	0	0	0	0	1	0	0	0	1	0	0	0	0	1	0	0	0	0	0	0	0	0	0	0	0	0	0	0	0	0	0	0	0	0	0	0	0	0	0	0	0	0	0	0	0	0	0	0	0	0
DRR462731	typhi	91.821	4.3.1.2.1	strong	-	-	-	-	1 (1; 0/12); 2 (1; 0/20); 3 (1; 0/25); 4 (1; 7/0); 4.3.1 (1; 14/1); 4.3.1.2 (1; 14/0); 4.3.1.2.1 (1; 7/0)	S	S	S	R: gyrA_S83F;gyrA_D87N;parC_S80I	S	S	S	S	S	0	0	0	0	0	0	0	0	0	0	0	0	0	3	1	0	0	0	1	0	0	1	0	0	0	0	0	0	0	0	0	0	0	0	0	0	0	0	0	0	0	0	0	0	0	0	0	0	0	0	0	0	0	0	0
ERR11029634	typhi	87.299	4.3.1	strong	-	-	-	-	1 (1; 0/3); 2 (1; 0/0); 3 (1; 0/7); 4 (1; 7/0); 4.3.1 (1; 9/0)	R: blaTEM-1D	S	S	I: gyrA_D87Y	R: catA1	R: sul1;sul2	R: dfrA7	R: dfrA7;sul1;sul2	S	0	0	0	0	0	0	0	0	0	0	0	0	0	1	0	0	0	0	0	0	0	0	0	1	0	0	0	0	0	0	0	1	0	0	0	0	0	0	0	0	1	0	1	1	0	0	1	0	0	0	0	0	0	0	0
ERR11029635	typhi	85.515	4.3.1.1	strong	-	-	-	-	1 (1; 0/3); 2 (1; 0/1); 3 (1; 0/8); 4 (1; 4/0); 4.3.1 (1; 4/0); 4.3.1.1 (1; 1/0)	R: blaTEM-1D	S	S	I: gyrA_S83Y	R: catA1	R: sul1;sul2	R: dfrA7	R: dfrA7;sul1;sul2	S	0	0	0	0	0	0	0	0	0	1	0	0	0	1	0	0	0	0	0	1	0	0	0	0	0	0	0	0	0	0	0	1	0	0	0	0	0	0	0	0	1	0	1	1	0	0	1	0	0	0	0	0	0	0	0
ERR11029636	not typhi	73.259	NA	NA	NA	NA	NA	NA	NA	NA	NA	NA	NA	NA	NA	NA	S	NA	NA	NA	NA	NA	NA	NA	NA	NA	NA	NA	NA	NA	NA	0	NA	NA	NA	NA	NA	NA	NA	NA	NA	NA	NA	NA	NA	NA	NA	NA	NA	NA	NA	NA	NA	NA	NA	NA	NA	NA	NA	NA	NA	NA	NA	NA	NA	NA	NA	NA	NA	NA	NA	NA	NA
ERR11029637	typhi	85.79	4.3.1.1	strong	-	-	-	-	1 (1; 0/1); 2 (1; 0/0); 3 (1; 0/5); 4 (1; 2/0); 4.3.1 (1; 7/1); 4.3.1.1 (1; 2/0)	R: blaTEM-1D	S	S	S	R: catA1	R: sul1;sul2	R: dfrA7	R: dfrA7;sul1;sul2	S	0	0	0	0	0	0	0	0	0	1	0	0	0	0	0	0	0	0	0	0	0	0	0	0	0	0	0	0	0	0	0	1	0	0	0	0	0	0	0	0	1	0	1	1	0	0	1	0	0	0	0	0	0	0	0
ERR11029638	typhi	86.907	4.3.1.1	weak	1.0	4 (0; 2/0)	-	-	1 (1; 0/0); 2 (1; 0/0); 3 (1; 0/7); 4 (0; 2/0); 4.3.1 (1; 4/0); 4.3.1.1 (1; 3/0)	R: blaTEM-1D	S	S	S	R: catA1	R: sul1;sul2	R: dfrA7	R: dfrA7;sul1;sul2	S	0	0	0	0	0	0	0	0	0	0	0	0	0	0	0	0	0	0	0	0	0	0	0	0	0	0	0	0	0	0	0	1	0	0	0	0	0	0	0	0	1	0	1	1	0	0	1	0	0	0	0	0	0	0	0
ERR11029639	not typhi	84.834	NA	NA	NA	NA	NA	NA	NA	NA	NA	NA	NA	NA	NA	NA	S	NA	NA	NA	NA	NA	NA	NA	NA	NA	NA	NA	NA	NA	NA	0	NA	NA	NA	NA	NA	NA	NA	NA	NA	NA	NA	NA	NA	NA	NA	NA	NA	NA	NA	NA	NA	NA	NA	NA	NA	NA	NA	NA	NA	NA	NA	NA	NA	NA	NA	NA	NA	NA	NA	NA	NA
ERR11029640	not typhi	84.634	NA	NA	NA	NA	NA	NA	NA	NA	NA	NA	NA	NA	NA	NA	S	NA	NA	NA	NA	NA	NA	NA	NA	NA	NA	NA	NA	NA	NA	0	NA	NA	NA	NA	NA	NA	NA	NA	NA	NA	NA	NA	NA	NA	NA	NA	NA	NA	NA	NA	NA	NA	NA	NA	NA	NA	NA	NA	NA	NA	NA	NA	NA	NA	NA	NA	NA	NA	NA	NA	NA
ERR11029641	typhi	88.75	4.3.1	strong	-	-	-	-	1 (1; 0/11); 2 (1; 0/4); 3 (1; 1/17); 4 (1; 19/0); 4.3.1 (1; 31/0)	R: blaTEM-1D	S	S	I: gyrA_S83F;parC_E84K	S	R: sul1	S	S	S	0	0	0	0	0	0	0	0	0	0	0	1	0	2	0	0	0	1	1	0	0	0	0	0	0	0	0	0	0	0	0	1	0	0	0	0	0	0	0	0	0	0	1	0	0	0	0	0	0	0	0	0	0	0	0
ERR11029642	typhi	90.927	4.3.1.2.1.1	weak	1.0	4.3.1.2 (0; 25/0)	-	-	1 (1; 0/10); 2 (1; 0/1); 3 (1; 1/20); 4 (1; 19/0); 4.3.1 (1; 22/3); 4.3.1.2 (0; 25/0); 4.3.1.2.1 (1; 11/0); 4.3.1.2.1.1 (1; 41/0)	S	S	R: blaSHV-12	R: gyrA_S83F;gyrA_D87N;parC_S80I;qnrB1	S	S	S	S	S	0	0	0	0	0	1	0	0	0	0	0	0	0	3	1	0	0	0	1	0	0	1	0	0	0	0	0	0	0	0	0	0	0	0	0	0	1	0	1	0	0	0	0	0	0	0	0	0	0	0	0	0	0	0	0
ERR11177476	typhi	87.972	2.1.7.1	strong	-	-	-	-	1 (1; 0/11); 2 (1; 0/0); 2.1 (1; 15/0); 2.1.7 (1; 15/0); 2.1.7.1 (1; 24/0)	S	S	S	S	S	S	S	S	S	0	0	0	0	0	0	0	0	0	0	0	0	0	0	0	0	0	0	0	0	0	0	0	0	0	0	0	0	0	0	0	0	0	0	0	0	0	0	0	0	0	0	0	0	0	0	0	0	0	0	0	0	0	0	0
ERR11177477	typhi	88.195	2.1.7	strong	-	-	-	-	1 (1; 0/4); 2 (1; 0/1); 2.1 (1; 13/0); 2.1.7 (1; 14/0)	S	S	S	S	S	S	S	S	S	0	0	0	0	0	0	0	0	0	0	0	0	0	0	0	0	0	0	0	0	0	0	0	0	0	0	0	0	0	0	0	0	0	0	0	0	0	0	0	0	0	0	0	0	0	0	0	0	0	0	0	0	0	0	0
ERR11177478	typhi	87.017	2.1.7.1	strong	-	-	-	-	1 (1; 0/8); 2 (1; 0/0); 2.1 (1; 17/0); 2.1.7 (1; 17/0); 2.1.7.1 (1; 19/0)	S	S	S	S	S	S	S	S	S	0	0	0	0	0	0	0	0	0	0	0	0	0	0	0	0	0	0	0	0	0	0	0	0	0	0	0	0	0	0	0	0	0	0	0	0	0	0	0	0	0	0	0	0	0	0	0	0	0	0	0	0	0	0	0
ERR11177479	typhi	94.992	4.3.1.3.Bdq	strong	-	-	-	-	1 (1; 0/94); 2 (1; 0/4); 3 (1; 0/95); 4 (1; 109/0); 4.3.1 (1; 112/0); 4.3.1.3 (1; 123/1); 4.3.1.3.Bdq (1; 217/4)	R: blaTEM-1D	S	S	R: gyrA_S83Y;qnrS1	S	R: sul2	S	S	R: tetA	0	0	0	0	0	0	0	0	0	0	1	0	0	1	0	0	0	0	0	1	0	0	0	0	0	0	0	0	0	0	0	1	0	0	0	0	0	1	0	0	0	0	0	1	0	0	0	0	0	0	0	1	0	0	0
ERR11177480	typhi	95.275	4.3.1.3	strong	-	-	-	-	1 (1; 0/142); 2 (1; 0/10); 3 (1; 0/232); 4 (1; 193/0); 4.3.1 (1; 225/3); 4.3.1.3 (1; 205/0)	R: blaTEM-1D	S	S	I: gyrA_S83Y	R: catA1	R: sul1;sul2	R: dfrA7	R: dfrA7;sul1;sul2	R: tetB	1	1	1	1	0	0	0	0	0	0	0	0	0	1	0	0	0	0	0	1	0	0	0	0	0	0	0	0	0	0	0	1	0	0	0	0	0	0	0	0	1	0	1	1	0	0	1	0	0	0	0	0	1	0	0
ERR11177481	typhi	91.793	4.3.1.1	strong	-	-	-	-	1 (1; 0/14); 2 (1; 0/1); 3 (1; 0/45); 4 (1; 29/0); 4.3.1 (1; 40/1); 4.3.1.1 (1; 24/0)	R: blaTEM-1D	S	S	I: gyrA_S83F	R: catA1	R: sul1;sul2	R: dfrA7	R: dfrA7;sul1;sul2	S	0	0	0	0	0	0	0	0	0	1	0	0	0	1	0	0	0	0	1	0	0	0	0	0	0	0	0	0	0	0	0	1	0	0	0	0	0	0	0	0	1	0	1	1	0	0	1	0	0	0	0	0	0	0	0
ERR11177482	typhi	88.695	4.3.1.1	strong	-	-	-	-	1 (1; 0/20); 2 (1; 0/3); 3 (1; 0/46); 4 (1; 43/0); 4.3.1 (1; 42/1); 4.3.1.1 (1; 20/0)	S	S	S	I: gyrA_S83F	R: catA1	R: sul1	R: dfrA7	R: dfrA7;sul1	S	0	0	0	0	0	0	0	0	0	1	0	0	0	1	0	0	0	0	1	0	0	0	0	0	0	0	0	0	0	0	0	0	0	0	0	0	0	0	0	0	1	0	1	0	0	0	1	0	0	0	0	0	0	0	0
ERR4246262	typhi	90.24	4.3.1.1.P1	weak	0	4.3.1.1 (0; 0/0)	-	-	1 (1; 0/4); 2 (1; 0/4); 3 (1; 0/3); 4 (1; 2/0); 4.3.1 (1; 3/0); 4.3.1.1 (0; 0/0); 4.3.1.1.P1 (1; 5/0)	R: blaTEM-1D	S	R: blaCTX-M-15	R: gyrA_S83F;qnrS1	R: catA1	R: sul1;sul2	R: dfrA7	R: dfrA7;sul1;sul2	S	0	0	0	0	0	0	0	0	0	0	0	0	0	1	0	0	0	0	1	0	0	0	0	0	0	0	0	0	0	0	0	1	1	0	0	0	0	1	0	0	1	0	1	1	0	0	1	0	0	0	0	0	0	0	0
ERR4246279	not typhi	0.0	NA	NA	NA	NA	NA	NA	NA	NA	NA	NA	NA	NA	NA	NA	S	NA	NA	NA	NA	NA	NA	NA	NA	NA	NA	NA	NA	NA	NA	0	NA	NA	NA	NA	NA	NA	NA	NA	NA	NA	NA	NA	NA	NA	NA	NA	NA	NA	NA	NA	NA	NA	NA	NA	NA	NA	NA	NA	NA	NA	NA	NA	NA	NA	NA	NA	NA	NA	NA	NA	NA
NG_UCH_NSP20_218.	typhi	91.78	3.1.1	strong	-	-	-	-	1 (1; 0/15); 2 (1; 0/29); 3 (1; 0/24); 3.1 (1; 27/0); 3.1.1 (1; 17/0)	R: blaTEM-1D	S	S	I: gyrA_S83Y	S	R: sul2	R: dfrA14	R: dfrA14;sul2	R: tetA	0	0	0	0	1	0	0	0	0	0	0	0	0	1	0	0	0	0	0	1	0	0	0	0	0	0	0	0	0	0	0	1	0	0	0	0	0	0	0	0	0	0	0	1	0	0	0	1	0	0	0	1	0	0	0
NG_UCH_NSP20_218	typhi	91.78	3.1.1	strong	-	-	-	-	1 (1; 0/15); 2 (1; 0/29); 3 (1; 0/24); 3.1 (1; 27/0); 3.1.1 (1; 17/0)	R: blaTEM-1D	S	S	I: gyrA_S83Y	S	R: sul2	R: dfrA14	R: dfrA14;sul2	R: tetA	0	0	0	0	1	0	0	0	0	0	0	0	0	1	0	0	0	0	0	1	0	0	0	0	0	0	0	0	0	0	0	1	0	0	0	0	0	0	0	0	0	0	0	1	0	0	0	1	0	0	0	1	0	0	0
NG_UCH_NSP30_228.	typhi	91.65	3.1.1	strong	-	-	-	-	1 (1; 0/10); 2 (1; 0/14); 3 (1; 0/16); 3.1 (1; 16/0); 3.1.1 (1; 9/0)	R: blaTEM-1D	S	S	I: gyrA_S83Y	S	R: sul2	R: dfrA14	R: dfrA14;sul2	R: tetA	0	0	0	0	1	0	0	0	0	0	0	0	0	1	0	0	0	0	0	1	0	0	0	0	0	0	0	0	0	0	0	1	0	0	0	0	0	0	0	0	0	0	0	1	0	0	0	1	0	0	0	1	0	0	0
NG_UCH_NSP30_228	typhi	91.65	3.1.1	strong	-	-	-	-	1 (1; 0/10); 2 (1; 0/14); 3 (1; 0/16); 3.1 (1; 16/0); 3.1.1 (1; 9/0)	R: blaTEM-1D	S	S	I: gyrA_S83Y	S	R: sul2	R: dfrA14	R: dfrA14;sul2	R: tetA	0	0	0	0	1	0	0	0	0	0	0	0	0	1	0	0	0	0	0	1	0	0	0	0	0	0	0	0	0	0	0	1	0	0	0	0	0	0	0	0	0	0	0	1	0	0	0	1	0	0	0	1	0	0	0
NG_UCH_NSP31_229.	typhi	91.758	3.1.1	strong	-	-	-	-	1 (1; 0/11); 2 (1; 0/12); 3 (1; 0/22); 3.1 (1; 26/0); 3.1.1 (1; 13/0)	R: blaTEM-1D	S	S	I: gyrA_S83Y	S	R: sul2	R: dfrA14	R: dfrA14;sul2	R: tetA	0	0	0	0	1	0	0	0	0	0	0	0	0	1	0	0	0	0	0	1	0	0	0	0	0	0	0	0	0	0	0	1	0	0	0	0	0	0	0	0	0	0	0	1	0	0	0	1	0	0	0	1	0	0	0
NG_UCH_NSP31_229	typhi	91.758	3.1.1	strong	-	-	-	-	1 (1; 0/11); 2 (1; 0/12); 3 (1; 0/22); 3.1 (1; 26/0); 3.1.1 (1; 13/0)	R: blaTEM-1D	S	S	I: gyrA_S83Y	S	R: sul2	R: dfrA14	R: dfrA14;sul2	R: tetA	0	0	0	0	1	0	0	0	0	0	0	0	0	1	0	0	0	0	0	1	0	0	0	0	0	0	0	0	0	0	0	1	0	0	0	0	0	0	0	0	0	0	0	1	0	0	0	1	0	0	0	1	0	0	0
SRR16296518	typhi	90.716	4.3.1.2	strong	-	-	-	-	1 (1; 0/37); 2 (1; 0/2); 3 (1; 0/66); 4 (1; 46/0); 4.3.1 (1; 60/0); 4.3.1.2 (1; 75/0)	S	S	R: blaCTX-M-15	I: gyrA_S83F	S	S	S	S	S	0	0	0	0	1	0	0	0	0	0	0	0	0	1	0	0	0	0	1	0	0	0	0	0	0	0	0	0	0	0	0	0	1	0	0	0	0	0	0	0	0	0	0	0	0	0	0	0	0	0	0	0	0	0	0
SRR17299233	typhi	95.337	3.5	strong	-	-	-	-	1 (1; 0/305); 2 (1; 0/408); 3 (1; 0/374); 3.5 (1; 822/5)	S	S	S	S	S	S	S	S	S	0	0	0	0	0	0	0	0	0	0	0	0	0	0	0	0	0	0	0	0	0	0	0	0	0	0	0	0	0	0	0	0	0	0	0	0	0	0	0	0	0	0	0	0	0	0	0	0	0	0	0	0	0	0	0
SRR17299234	typhi	95.181	3.5.4.1	strong	-	-	-	-	1 (1; 0/204); 2 (1; 0/274); 3 (1; 0/253); 3.5 (1; 588/6); 3.5.4 (1; 405/1); 3.5.4.1 (1; 457/42)	S	S	S	S	S	S	S	S	S	0	0	0	0	0	0	0	0	0	0	0	0	0	0	0	0	0	0	0	0	0	0	0	0	0	0	0	0	0	0	0	0	0	0	0	0	0	0	0	0	0	0	0	0	0	0	0	0	0	0	0	0	0	0	0
SRR17299235	typhi	95.2	3.5.4.2	strong	-	-	-	-	1 (1; 0/149); 2 (1; 0/184); 3 (1; 0/203); 3.5 (1; 361/7); 3.5.4 (1; 239/3); 3.5.4.2 (1; 211/3)	S	S	S	S	S	S	S	S	S	0	0	0	0	0	0	0	0	0	1	0	0	0	0	0	0	0	0	0	0	0	0	0	0	0	0	0	0	0	0	0	0	0	0	0	0	0	0	0	0	0	0	0	0	0	0	0	0	0	0	0	0	0	0	0
SRR17299236	typhi	95.233	3.5.4.2	strong	-	-	-	-	1 (1; 0/162); 2 (1; 0/233); 3 (1; 0/204); 3.5 (1; 467/4); 3.5.4 (1; 299/1); 3.5.4.2 (1; 248/4)	S	S	S	S	S	S	S	S	S	0	0	0	0	0	0	0	0	0	0	0	0	0	0	0	0	0	0	0	0	0	0	0	0	0	0	0	0	0	0	0	0	0	0	0	0	0	0	0	0	0	0	0	0	0	0	0	0	0	0	0	0	0	0	0
SRR17299237	typhi	95.24	3.5.4.1	strong	-	-	-	-	1 (1; 0/137); 2 (1; 0/193); 3 (1; 0/198); 3.5 (1; 369/4); 3.5.4 (1; 270/0); 3.5.4.1 (1; 305/29)	S	S	S	S	S	S	S	S	S	0	0	0	0	0	0	0	0	0	0	0	0	0	0	0	0	0	0	0	0	0	0	0	0	0	0	0	0	0	0	0	0	0	0	0	0	0	0	0	0	0	0	0	0	0	0	0	0	0	0	0	0	0	0	0
SRR17299238	typhi	94.954	3.5.4.1	strong	-	-	-	-	1 (1; 0/44); 2 (1; 0/71); 3 (1; 0/71); 3.5 (1; 151/1); 3.5.4 (1; 103/1); 3.5.4.1 (1; 125/13)	S	S	S	S	S	S	S	S	S	0	0	0	0	0	0	0	0	0	0	0	0	0	0	0	0	0	0	0	0	0	0	0	0	0	0	0	0	0	0	0	0	0	0	0	0	0	0	0	0	0	0	0	0	0	0	0	0	0	0	0	0	0	0	0
SRR17299239	typhi	95.029	3.5.4.3	strong	-	-	-	-	1 (1; 0/99); 2 (1; 0/131); 3 (1; 2/119); 3.5 (1; 233/5); 3.5.4 (1; 168/2); 3.5.4.3 (1; 157/1)	S	S	S	S	S	S	S	S	S	0	0	0	0	0	0	0	0	0	0	0	0	0	0	0	0	0	0	0	0	0	0	0	0	0	0	0	0	0	0	0	0	0	0	0	0	0	0	0	0	0	0	0	0	0	0	0	0	0	0	0	0	0	0	0
SRR17299240	typhi	92.026	4.1	strong	-	-	-	-	1 (1; 0/37); 2 (1; 0/48); 3 (1; 0/56); 4 (1; 45/1); 4.1 (1; 86/0)	S	S	S	S	S	S	S	S	S	0	0	0	0	0	0	0	0	0	0	0	0	0	0	0	0	0	0	0	0	0	0	0	0	0	0	0	0	0	0	0	0	0	0	0	0	0	0	0	0	0	0	0	0	0	0	0	0	0	0	0	0	0	0	0
SRR17299241	typhi	95.015	3.5.4.1	strong	-	-	-	-	1 (1; 0/84); 2 (1; 0/119); 3 (1; 0/112); 3.5 (1; 211/2); 3.5.4 (1; 176/0); 3.5.4.1 (1; 172/14)	S	S	S	S	S	S	S	S	S	0	0	0	0	0	0	0	0	0	0	0	0	0	0	0	0	0	0	0	0	0	0	0	0	0	0	0	0	0	0	0	0	0	0	0	0	0	0	0	0	0	0	0	0	0	0	0	0	0	0	0	0	0	0	0
SRR17299242	typhi	95.08	3.5.4.3	strong	-	-	-	-	1 (1; 0/104); 2 (1; 0/136); 3 (1; 0/111); 3.5 (1; 285/8); 3.5.4 (1; 179/4); 3.5.4.3 (1; 193/10)	S	S	S	S	S	S	S	S	S	0	0	0	0	0	0	0	0	0	1	0	0	0	0	0	0	0	0	0	0	0	0	0	0	0	0	0	0	0	0	0	0	0	0	0	0	0	0	0	0	0	0	0	0	0	0	0	0	0	0	0	0	0	0	0
SRR17299243	typhi	95.237	4.1	strong	-	-	-	-	1 (1; 0/176); 2 (1; 0/232); 3 (1; 1/215); 4 (1; 196/0); 4.1 (1; 323/6)	S	S	S	S	S	S	S	S	S	0	0	0	0	0	0	0	0	0	0	0	0	0	0	0	0	0	0	0	0	0	0	0	0	0	0	0	0	0	0	0	0	0	0	0	0	0	0	0	0	0	0	0	0	0	0	0	0	0	0	0	0	0	0	0
SRR17299244	typhi	95.332	3.5.4.3	strong	-	-	-	-	1 (1; 0/216); 2 (1; 1/329); 3 (1; 0/251); 3.5 (1; 539/3); 3.5.4 (1; 417/1); 3.5.4.3 (1; 385/0)	S	S	S	S	S	S	S	S	S	0	0	0	0	0	0	0	0	0	1	0	0	0	0	0	0	0	0	0	0	0	0	0	0	0	0	0	0	0	0	0	0	0	0	0	0	0	0	0	0	0	0	0	0	0	0	0	0	0	0	0	0	0	0	0
SRR17299245	typhi	95.54	3.5.4	strong	-	-	-	-	1 (1; 0/544); 2 (1; 0/717); 3 (1; 1/861); 3.5 (1; 1342/16); 3.5.4 (1; 917/2)	S	S	S	S	S	S	S	S	S	0	0	0	0	0	0	0	0	0	0	0	0	0	0	0	0	0	0	0	0	0	0	0	0	0	0	0	0	0	0	0	0	0	0	0	0	0	0	0	0	0	0	0	0	0	0	0	0	0	0	0	0	0	0	0
SRR17299246	typhi	95.252	3.5.4.3	strong	-	-	-	-	1 (1; 0/127); 2 (1; 0/205); 3 (1; 0/201); 3.5 (1; 401/8); 3.5.4 (1; 236/2); 3.5.4.3 (1; 292/6)	S	S	S	S	S	S	S	S	S	0	0	0	0	0	0	0	0	0	1	0	0	0	0	0	0	0	0	0	0	0	0	0	0	0	0	0	0	0	0	0	0	0	0	0	0	0	0	0	0	0	0	0	0	0	0	0	0	0	0	0	0	0	0	0
SRR17299247	typhi	91.995	3.5.4.2	strong	-	-	-	-	1 (1; 0/29); 2 (1; 0/57); 3 (1; 0/50); 3.5 (1; 80/4); 3.5.4 (1; 62/1); 3.5.4.2 (1; 47/4)	S	S	S	S	S	S	S	S	S	0	0	0	0	0	0	0	0	0	0	0	0	0	0	0	0	0	0	0	0	0	0	0	0	0	0	0	0	0	0	0	0	0	0	0	0	0	0	0	0	0	0	0	0	0	0	0	0	0	0	0	0	0	0	0
SRR23759790	typhi	92.007	3.5	strong	-	-	-	-	1 (1; 0/60); 2 (1; 0/87); 3 (1; 4/94); 3.5 (1; 107/4)	S	S	S	S	S	S	S	S	S	0	0	0	0	0	0	0	0	0	0	0	0	0	0	0	0	0	0	0	0	0	0	0	0	0	0	0	0	0	0	0	0	0	0	0	0	0	0	0	0	0	0	0	0	0	0	0	0	0	0	0	0	0	0	0
SRR23759791	typhi	95.109	3.5	strong	-	-	-	-	1 (1; 0/146); 2 (1; 0/188); 3 (1; 5/212); 3.5 (1; 257/8)	S	S	S	S	S	S	S	S	S	0	0	0	0	0	0	0	0	0	0	0	0	0	0	0	0	0	0	0	0	0	0	0	0	0	0	0	0	0	0	0	0	0	0	0	0	0	0	0	0	0	0	0	0	0	0	0	0	0	0	0	0	0	0	0
SRR23759793	typhi	95.198	2	strong	-	-	-	-	1 (1; 0/107); 2 (1; 0/141)	S	S	S	S	S	S	S	S	S	0	0	0	0	0	0	0	0	0	0	0	0	0	0	0	0	0	0	0	0	0	0	0	0	0	0	0	0	0	0	0	0	0	0	0	0	0	0	0	0	0	0	0	0	0	0	0	0	0	0	0	0	0	0	0
SRR23759794	typhi	95.085	2	strong	-	-	-	-	1 (1; 0/79); 2 (1; 0/125)	S	S	S	S	S	S	S	S	S	0	0	0	0	0	0	0	0	0	0	0	0	0	0	0	0	0	0	0	0	0	0	0	0	0	0	0	0	0	0	0	0	0	0	0	0	0	0	0	0	0	0	0	0	0	0	0	0	0	0	0	0	0	0	0
SRR23759795	typhi	95.046	2	strong	-	-	-	-	1 (1; 0/81); 2 (1; 0/137)	S	S	S	S	S	S	S	S	S	0	0	0	0	0	0	0	0	0	0	0	0	0	0	0	0	0	0	0	0	0	0	0	0	0	0	0	0	0	0	0	0	0	0	0	0	0	0	0	0	0	0	0	0	0	0	0	0	0	0	0	0	0	0	0
SRR23759796	typhi	95.04	1.2.1	strong	-	-	-	-	1 (1; 0/105); 1.2 (1; 142/7); 1.2.1 (1; 167/8)	S	S	S	S	S	S	S	S	S	0	0	0	0	0	0	0	0	0	0	0	0	0	0	0	0	0	0	0	0	0	0	0	0	0	0	0	0	0	0	0	0	0	0	0	0	0	0	0	0	0	0	0	0	0	0	0	0	0	0	0	0	0	0	0
SRR23759797	typhi	95.025	1.2.1	strong	-	-	-	-	1 (1; 0/154); 1.2 (1; 238/5); 1.2.1 (1; 270/8)	S	S	S	S	S	S	S	S	S	0	0	0	0	0	0	0	0	0	0	0	0	0	0	0	0	0	0	0	0	0	0	0	0	0	0	0	0	0	0	0	0	0	0	0	0	0	0	0	0	0	0	0	0	0	0	0	0	0	0	0	0	0	0	0
SRR23759799	typhi	95.076	3.5	strong	-	-	-	-	1 (1; 0/69); 2 (1; 2/74); 3 (1; 11/94); 3.5 (1; 117/5)	S	S	S	S	S	S	S	S	S	0	0	0	0	0	0	0	0	0	0	0	0	0	0	0	0	0	0	0	0	0	0	0	0	0	0	0	0	0	0	0	0	0	0	0	0	0	0	0	0	0	0	0	0	0	0	0	0	0	0	0	0	0	0	0
SRR23759800	typhi	95.101	3.5	strong	-	-	-	-	1 (1; 0/162); 2 (1; 5/206); 3 (1; 9/217); 3.5 (1; 270/7)	S	S	S	S	S	S	S	S	S	0	0	0	0	0	0	0	0	0	0	0	0	0	0	0	0	0	0	0	0	0	0	0	0	0	0	0	0	0	0	0	0	0	0	0	0	0	0	0	0	0	0	0	0	0	0	0	0	0	0	0	0	0	0	0
barcode01	typhi	95.159	4.3.1.1.P1	strong	-	-	-	-	1 (1; 0/264); 2 (1; 0/375); 3 (1; 0/302); 4 (1; 422/0); 4.3.1 (1; 235/0); 4.3.1.1 (1; 368/0); 4.3.1.1.P1 (1; 391/0)	R: blaTEM-1D	S	R: blaCTX-M-15	R: gyrA_S83F;qnrS1	S	R: sul2	S	S	S	0	0	0	0	1	0	0	0	0	0	0	0	0	1	0	0	0	0	1	0	0	0	0	0	0	0	0	0	0	0	0	1	1	0	0	0	0	1	0	0	0	0	0	1	0	0	0	0	0	0	0	0	0	0	0
barcode02	typhi	95.015	4.3.1.1.P1	strong	-	-	-	-	1 (1; 0/227); 2 (1; 0/305); 3 (1; 0/216); 4 (1; 368/1); 4.3.1 (1; 190/0); 4.3.1.1 (1; 326/0); 4.3.1.1.P1 (1; 324/0)	R: blaTEM-1D	S	R: blaCTX-M-15	R: gyrA_S83F;qnrS1	S	R: sul2	S	S	S	0	0	0	0	1	0	0	0	0	0	0	0	0	1	0	0	0	0	1	0	0	0	0	0	0	0	0	0	0	0	0	1	1	0	0	0	0	1	0	0	0	0	0	1	0	0	0	0	0	0	0	0	0	0	0
barcode06	typhi	91.97	4.3.1.1.P1	strong	-	-	-	-	1 (1; 0/61); 2 (1; 0/73); 3 (1; 0/97); 4 (1; 99/0); 4.3.1 (1; 70/0); 4.3.1.1 (1; 61/0); 4.3.1.1.P1 (1; 96/0)	R: blaTEM-1D	S	R: blaCTX-M-15	R: gyrA_S83F;qnrS1	R: catA1	R: sul1	R: dfrA7	R: dfrA7;sul1	S	0	0	0	0	0	0	0	0	0	0	0	0	0	1	0	0	0	0	1	0	0	0	0	0	0	0	0	0	0	0	0	1	1	0	0	0	0	1	0	0	1	0	1	0	0	0	1	0	0	0	0	0	0	0	0
