Illumina reads accession,NameOriginalTable,Illumina Bioproject accession,Nanopore reads accession,Nanopore Bioproject accession,MykrobeRunNamesLONG,Biosample accession,Biosample acc long,DisplayName,Data both read types,Year,Country,TGC_Final_genotype,ONT_species,ONT_spp_percent,ONT_genotype,ONT_confidence,ONT_lowest support for genotype marker,ONT_poorly supported markers,ONT_max support for additional markers,ONT_additional markers,ONT_node support,species,spp_percent,genotype,confidence,lowest support for genotype marker,poorly supported markers,max support for additional markers,additional markers,node support,genoMatch,SppMatch
DRR071001,DRR071001,PRJDB5169,DRR462723,PRJDB5169,DRR462723,SAMD00061240,SAMD00061240,030067TY,Y,2003,Japan,NA,typhi,91.849,2.2.1,strong,-,-,-,-,1 (1; 0/26); 2 (1; 0/49); 2.2 (1; 54/0); 2.2.1 (1; 57/2),not typhi,79.534,NA,NA,NA,NA,NA,NA,NA,NA,NoMatch
SRR13988140,SRR13988140,PRJNA230403,SRR21931399,PRJNA230403¬†,barcode02,SAMN18332688,SAMN18332688,PNUSAS195139,Y,2021,USA,NA,typhi,95.015,4.3.1.1.P1,strong,-,-,-,-,1 (1; 0/227); 2 (1; 0/305); 3 (1; 0/216); 4 (1; 368/1); 4.3.1 (1; 190/0); 4.3.1.1 (1; 326/0); 4.3.1.1.P1 (1; 324/0),typhi,91.478,4.3.1.1.P1,strong,-,-,-,-,1 (1; 0/87); 2 (1; 0/70); 3 (1; 0/73); 4 (1; 64/0); 4.3.1 (1; 83/0); 4.3.1.1 (1; 79/0); 4.3.1.1.P1 (1; 69/0),4.3.1.1.P1,typhi
SRR15669929,SRR15669929,PRJNA230403,SRR21931401,PRJNA230403¬†,barcode01,SAMN21040479,SAMN21040479,PNUSAS224101,Y,2021,USA,NA,typhi,95.159,4.3.1.1.P1,strong,-,-,-,-,1 (1; 0/264); 2 (1; 0/375); 3 (1; 0/302); 4 (1; 422/0); 4.3.1 (1; 235/0); 4.3.1.1 (1; 368/0); 4.3.1.1.P1 (1; 391/0),typhi,91.49,4.3.1.1.P1,strong,-,-,-,-,1 (1; 0/25); 2 (1; 0/30); 3 (1; 0/26); 4 (1; 20/0); 4.3.1 (1; 22/0); 4.3.1.1 (1; 25/0); 4.3.1.1.P1 (1; 34/0),4.3.1.1.P1,typhi
SRR14289155,SRR14289155,PRJNA230403,SRR21931400,PRJNA230403¬†,barcode06,SAMN18813804,SAMN18813804,PNUSAS198714,Y,2021,USA,NA,typhi,91.97,4.3.1.1.P1,strong,-,-,-,-,1 (1; 0/61); 2 (1; 0/73); 3 (1; 0/97); 4 (1; 99/0); 4.3.1 (1; 70/0); 4.3.1.1 (1; 61/0); 4.3.1.1.P1 (1; 96/0),typhi,91.492,4.3.1.1.P1,strong,-,-,-,-,1 (1; 0/48); 2 (1; 0/46); 3 (1; 0/66); 4 (1; 37/0); 4.3.1 (1; 54/0); 4.3.1.1 (1; 58/0); 4.3.1.1.P1 (1; 50/0),4.3.1.1.P1,typhi
DRR070993,DRR070993,PRJDB5169,DRR462722,PRJDB5169,DRR462722,SAMD00061232,SAMD00061232,020052TY,Y,2002,Japan,NA,typhi,91.629,4.3.1.1,strong,-,-,-,-,1 (1; 0/19); 2 (1; 0/31); 3 (1; 0/44); 4 (1; 37/0); 4.3.1 (1; 33/1); 4.3.1.1 (1; 56/0),typhi,91.509,4.3.1.1,strong,-,-,-,-,1 (1; 0/52); 2 (1; 0/51); 3 (1; 0/62); 4 (1; 64/0); 4.3.1 (1; 64/0); 4.3.1.1 (1; 70/0),4.3.1.1,typhi
DRR071029,DRR071029,PRJDB5169,DRR462724,PRJDB5169,DRR462724,SAMD00061268,SAMD00061268,090003TY,Y,2009,Japan,NA,typhi,91.992,4.3.1.2.1,strong,-,-,-,-,1 (1; 0/10); 2 (1; 0/18); 3 (1; 0/14); 4 (1; 18/0); 4.3.1 (1; 13/0); 4.3.1.2 (1; 20/0); 4.3.1.2.1 (1; 11/0),typhi,91.538,4.3.1.2.1,strong,-,-,-,-,1 (1; 0/88); 2 (1; 0/82); 3 (1; 0/83); 4 (1; 81/0); 4.3.1 (1; 96/1); 4.3.1.2 (1; 78/0); 4.3.1.2.1 (1; 67/0),4.3.1.2.1,typhi
DRR071033,DRR071033,PRJDB5169,DRR462725,PRJDB5169,DRR462725,SAMD00061272,SAMD00061272,100030TY,Y,2010,Japan,NA,typhi,91.973,4.3.1.1,strong,-,-,-,-,1 (1; 0/13); 2 (1; 0/24); 3 (1; 0/32); 4 (1; 28/0); 4.3.1 (1; 21/0); 4.3.1.1 (1; 20/0),typhi,91.73,4.3.1.1,strong,-,-,-,-,1 (1; 0/100); 2 (1; 0/95); 3 (1; 0/124); 4 (1; 43/0); 4.3.1 (1; 113/0); 4.3.1.1 (1; 121/2),4.3.1.1,typhi
DRR071034,DRR071034,PRJDB5169,DRR462726,PRJDB5169,DRR462726,SAMD00061273,SAMD00061273,110015TY,Y,2011,Japan,NA,typhi,91.906,4.3.1,strong,-,-,-,-,1 (1; 0/19); 2 (1; 0/27); 3 (1; 0/36); 4 (1; 25/0); 4.3.1 (1; 19/1),typhi,91.509,4.3.1,strong,-,-,-,-,1 (1; 0/109); 2 (1; 0/117); 3 (1; 0/96); 4 (1; 96/0); 4.3.1 (1; 101/0),4.3.1,typhi
DRR071037,DRR071037,PRJDB5169,DRR462727,PRJDB5169,DRR462727,SAMD00061276,SAMD00061276,120012TY,Y,2012,Japan,NA,typhi,91.736,2.0.1,strong,-,-,-,-,1 (1; 0/12); 2 (1; 0/13); 2.0.1 (1; 13/0),typhi,91.703,2.0.1,strong,-,-,-,-,1 (1; 0/89); 2 (1; 0/114); 2.0.1 (1; 74/0),2.0.1,typhi
SRR9911688,SRR9911688,PRJNA248792,ERR4246262,PRJEB38900,ERR4246262,SAMN12509235,SAMEA6963597,783201,Y,2019,Pakistan,NA,typhi,90.24,4.3.1.1.P1,weak,0,4.3.1.1 (0; 0/0),-,-,1 (1; 0/4); 2 (1; 0/4); 3 (1; 0/3); 4 (1; 2/0); 4.3.1 (1; 3/0); 4.3.1.1 (0; 0/0); 4.3.1.1.P1 (1; 5/0),typhi,91.478,4.3.1.1.P1,strong,-,-,-,-,1 (1; 0/38); 2 (1; 0/39); 3 (1; 0/72); 4 (1; 28/0); 4.3.1 (1; 46/0); 4.3.1.1 (1; 43/0); 4.3.1.1.P1 (1; 55/0),4.3.1.1.P1,typhi
SRR23759809,SRR23759809,PRJNA935358,SRR23759797,PRJNA935358,SRR23759797,SAMN33313064,SAMN33313064,1521-2017_CI,Y,2017,Chile,NA,typhi,95.025,1.2.1,strong,-,-,-,-,1 (1; 0/154); 1.2 (1; 238/5); 1.2.1 (1; 270/8),typhi,91.697,1.2.1,strong,-,-,-,-,1 (1; 0/474); 1.2 (1; 506/0); 1.2.1 (1; 522/0),1.2.1,typhi
SRR23759805,SRR23759805,PRJNA935358,SRR23759796,PRJNA935358,SRR23759796,SAMN33313068,SAMN33313068,1521-2017_CO_04,Y,2017,Chile,NA,typhi,95.04,1.2.1,strong,-,-,-,-,1 (1; 0/105); 1.2 (1; 142/7); 1.2.1 (1; 167/8),typhi,91.699,1.2.1,strong,-,-,-,-,1 (1; 0/463); 1.2 (1; 469/0); 1.2.1 (1; 362/0),1.2.1,typhi
SRR23759820,SRR23759820,PRJNA935358,SRR23759795,PRJNA935358,SRR23759795,SAMN33313050,SAMN33313050,1698-2017_CI,Y,2017,Chile,NA,typhi,95.046,2,strong,-,-,-,-,1 (1; 0/81); 2 (1; 0/137),typhi,91.722,2,strong,-,-,-,-,1 (1; 0/486); 2 (1; 0/428),2,typhi
SRR23759804,SRR23759804,PRJNA935358,SRR23759794,PRJNA935358,SRR23759794,SAMN33313069,SAMN33313069,1698-2017_CO_04,Y,2017,Chile,NA,typhi,95.085,2,strong,-,-,-,-,1 (1; 0/79); 2 (1; 0/125),typhi,91.753,2,strong,-,-,-,-,1 (1; 0/465); 2 (1; 0/425),2,typhi
SRR23759802,SRR23759802,PRJNA935358,SRR23759793,PRJNA935358,SRR23759793,SAMN33313070,SAMN33313070,1698-2017_CO_06,Y,2017,Chile,NA,typhi,95.198,2,strong,-,-,-,-,1 (1; 0/107); 2 (1; 0/141),typhi,91.746,2,strong,-,-,-,-,1 (1; 0/324); 2 (1; 0/400),2,typhi
SRR23759812,SRR23759812,PRJNA935358,SRR23759791,PRJNA935358,SRR23759791,SAMN33313061,SAMN33313061,2027-2019_CI,Y,2019,Chile,NA,typhi,95.109,3.5,strong,-,-,-,-,1 (1; 0/146); 2 (1; 0/188); 3 (1; 5/212); 3.5 (1; 257/8),typhi,91.921,3.5,strong,-,-,-,-,1 (1; 0/423); 2 (1; 0/421); 3 (1; 0/587); 3.5 (1; 402/0),3.5,typhi
SRR23759801,SRR23759801,PRJNA935358,SRR23759790,PRJNA935358,SRR23759790,SAMN33313071,SAMN33313071,2027-2019_CO_04_Copr1,Y,2019,Chile,NA,typhi,92.007,3.5,strong,-,-,-,-,1 (1; 0/60); 2 (1; 0/87); 3 (1; 4/94); 3.5 (1; 107/4),typhi,91.478,3.5,strong,-,-,-,-,1 (1; 0/427); 2 (1; 0/473); 3 (1; 0/594); 3.5 (1; 459/0),3.5,typhi
SRR23759814,SRR23759814,PRJNA935358,SRR23759800,PRJNA935358,SRR23759800,SAMN33313058,SAMN33313058,314-2017_CI,Y,2017,Chile,NA,typhi,95.101,3.5,strong,-,-,-,-,1 (1; 0/162); 2 (1; 5/206); 3 (1; 9/217); 3.5 (1; 270/7),typhi,91.503,3.5,strong,-,-,-,-,1 (1; 0/580); 2 (1; 0/462); 3 (1; 0/553); 3.5 (1; 590/0),3.5,typhi
SRR23759806,SRR23759806,PRJNA935358,SRR23759799,PRJNA935358,SRR23759799,SAMN33313067,SAMN33313067,314-2017_CO_03,Y,2017,Chile,NA,typhi,95.076,3.5,strong,-,-,-,-,1 (1; 0/69); 2 (1; 2/74); 3 (1; 11/94); 3.5 (1; 117/5),typhi,91.478,3.5,strong,-,-,-,-,1 (1; 0/463); 2 (1; 0/421); 3 (1; 0/559); 3.5 (1; 435/0),3.5,typhi
SRR6310476,2017AM-1872,PRJNA230403,pending,pending,2017AM-1872_barcode21,SAMN08027655,pending,PNUSAS025456,Y,2017,United States,NA,typhi,91.73,2.5,strong,-,-,-,-,1 (1; 0/5); 2 (1; 0/3); 2.5 (1; 21/0),typhi,91.709,2.5,strong,-,-,-,-,1 (1; 0/134); 2 (1; 0/153); 2.5 (1; 157/0),2.5,typhi
NG_UCH_NSP20_218,NG_UCH_NSP20,pending,pending,pending,NG_UCH_NSP20_218,pending,pending,NG_UCH_NSP20,Y,ToConfirm,Nigeria,NA,typhi,91.78,3.1.1,strong,-,-,-,-,1 (1; 0/15); 2 (1; 0/29); 3 (1; 0/24); 3.1 (1; 27/0); 3.1.1 (1; 17/0),typhi,91.697,3.1.1,strong,-,-,-,-,1 (1; 0/15); 2 (1; 0/10); 3 (1; 0/19); 3.1 (1; 16/0); 3.1.1 (1; 10/0),3.1.1,typhi
NG_UCH_NSP30_228,NG_UCH_NSP30,pending,pending,pending,NG_UCH_NSP30_228,pending,pending,NG_UCH_NSP30,Y,ToConfirm,Nigeria,NA,typhi,91.65,3.1.1,strong,-,-,-,-,1 (1; 0/10); 2 (1; 0/14); 3 (1; 0/16); 3.1 (1; 16/0); 3.1.1 (1; 9/0),typhi,91.712,3.1.1,strong,-,-,-,-,1 (1; 0/28); 2 (1; 0/32); 3 (1; 0/35); 3.1 (1; 38/0); 3.1.1 (1; 24/0),3.1.1,typhi
NG_UCH_NSP31_229,NG_UCH_NSP31,pending,pending,pending,NG_UCH_NSP31_229,pending,pending,NG_UCH_NSP31,Y,ToConfirm,Nigeria,NA,typhi,91.758,3.1.1,strong,-,-,-,-,1 (1; 0/11); 2 (1; 0/12); 3 (1; 0/22); 3.1 (1; 26/0); 3.1.1 (1; 13/0),typhi,91.697,3.1.1,strong,-,-,-,-,1 (1; 0/47); 2 (1; 0/51); 3 (1; 0/39); 3.1 (1; 50/0); 3.1.1 (1; 58/0),3.1.1,typhi
ERR3290561,ERS3369970_ERR3290561,SAMEA5567946,ERR11177482,PRJEB14050,ERR11177482,SAMEA5567946,SAMEA5567946,DN489517,Y,2007,Bangladesh,4.3.1.1,typhi,88.695,4.3.1.1,strong,-,-,-,-,1 (1; 0/20); 2 (1; 0/3); 3 (1; 0/46); 4 (1; 43/0); 4.3.1 (1; 42/1); 4.3.1.1 (1; 20/0),typhi,91.892,4.3.1.1,strong,-,-,-,-,1 (1; 0/120); 2 (1; 0/127); 3 (1; 0/118); 4 (1; 128/0); 4.3.1 (1; 110/0); 4.3.1.1 (1; 147/1),4.3.1.1,typhi
ERR2789212,ERS1810766_ERR2789212,SAMEA104151748,ERR11177481,PRJEB14050,ERR11177481,SAMEA104151748,SAMEA104151748,DN489517,Y,2004,Bangladesh,4.3.1.1,typhi,91.793,4.3.1.1,strong,-,-,-,-,1 (1; 0/14); 2 (1; 0/1); 3 (1; 0/45); 4 (1; 29/0); 4.3.1 (1; 40/1); 4.3.1.1 (1; 24/0),typhi,91.478,4.3.1.1,strong,-,-,-,-,1 (1; 0/96); 2 (1; 0/118); 3 (1; 0/126); 4 (1; 98/0); 4.3.1 (1; 117/0); 4.3.1.1 (1; 104/0),4.3.1.1,typhi
ERR3290564,ERS3369973_ERR3290564,SAMEA5567949,ERR11177479,PRJEB14050,ERR11177479,SAMEA5567949,SAMEA5567949,DN489517,Y,2007,Bangladesh,4.3.1.3.Bdq,typhi,94.992,4.3.1.3.Bdq,strong,-,-,-,-,1 (1; 0/94); 2 (1; 0/4); 3 (1; 0/95); 4 (1; 109/0); 4.3.1 (1; 112/0); 4.3.1.3 (1; 123/1); 4.3.1.3.Bdq (1; 217/4),typhi,91.489,4.3.1.3.Bdq,strong,-,-,-,-,1 (1; 0/118); 2 (1; 0/123); 3 (1; 0/133); 4 (1; 129/0); 4.3.1 (1; 104/0); 4.3.1.3 (1; 123/0); 4.3.1.3.Bdq (1; 123/0),4.3.1.3.Bdq,typhi
ERR2789218,ERS1810774_ERR2789218,SAMEA104151756,ERR11177480,PRJEB14054,ERR11177480,SAMEA104151756,SAMEA104151756,DN489517,Y,2005,Bangladesh,4.3.1.3,typhi,95.275,4.3.1.3,strong,-,-,-,-,1 (1; 0/142); 2 (1; 0/10); 3 (1; 0/232); 4 (1; 193/0); 4.3.1 (1; 225/3); 4.3.1.3 (1; 205/0),typhi,91.503,4.3.1.3,strong,-,-,-,-,1 (1; 0/92); 2 (1; 0/127); 3 (1; 0/101); 4 (1; 117/0); 4.3.1 (1; 103/0); 4.3.1.3 (1; 121/0),4.3.1.3,typhi
DRR071045,DRR071045,PRJDB5169,DRR462728,PRJDB5169,DRR462728,SAMD00061284,SAMD00061284,130052TY,Y,2013,Japan,4.3.1.2,typhi,91.992,4.3.1.2,strong,-,-,-,-,1 (1; 0/19); 2 (1; 0/26); 3 (1; 0/52); 4 (1; 38/0); 4.3.1 (1; 31/3); 4.3.1.2 (1; 23/0),typhi,91.49,4.3.1.2,strong,-,-,-,-,1 (1; 1/49); 2 (1; 1/72); 3 (1; 0/102); 4 (1; 50/0); 4.3.1 (1; 80/0); 4.3.1.2 (1; 75/0),4.3.1.2,typhi
DRR071060,DRR071060,PRJDB5169,DRR462729,PRJDB5169,DRR462729,SAMD00061299,SAMD00061299,140051TY,Y,2014,Japan,4.3.1.2.1,typhi,91.56,4.3.1.2.1,strong,-,-,-,-,1 (1; 0/15); 2 (1; 0/30); 3 (1; 0/32); 4 (1; 21/0); 4.3.1 (1; 18/1); 4.3.1.2 (1; 17/0); 4.3.1.2.1 (1; 10/0),typhi,91.503,4.3.1.2.1,strong,-,-,-,-,1 (1; 0/91); 2 (1; 0/97); 3 (1; 0/135); 4 (1; 92/0); 4.3.1 (1; 117/0); 4.3.1.2 (1; 71/0); 4.3.1.2.1 (1; 109/0),4.3.1.2.1,typhi
DRR071066,DRR071066,PRJDB5169,DRR462730,PRJDB5169,DRR462730,SAMD00061305,SAMD00061305,150056TY,Y,2015,Japan,4.3.1.1,typhi,91.966,4.3.1.1,strong,-,-,-,-,1 (1; 0/23); 2 (1; 0/33); 3 (1; 0/54); 4 (1; 33/0); 4.3.1 (1; 45/0); 4.3.1.1 (1; 45/0),typhi,91.497,4.3.1.1,strong,-,-,-,-,1 (1; 0/92); 2 (1; 1/89); 3 (1; 0/113); 4 (1; 67/1); 4.3.1 (1; 96/0); 4.3.1.1 (1; 120/0),4.3.1.1,typhi
DRR071071,DRR071071,PRJDB5169,DRR462731,PRJDB5169,DRR462731,SAMD00061310,SAMD00061310,160011TY,Y,2016,Japan,4.3.1.2.1,typhi,91.821,4.3.1.2.1,strong,-,-,-,-,1 (1; 0/12); 2 (1; 0/20); 3 (1; 0/25); 4 (1; 7/0); 4.3.1 (1; 14/1); 4.3.1.2 (1; 14/0); 4.3.1.2.1 (1; 7/0),typhi,91.641,4.3.1.2.1,strong,-,-,-,-,1 (1; 0/71); 2 (1; 0/84); 3 (1; 0/132); 4 (1; 57/0); 4.3.1 (1; 120/0); 4.3.1.2 (1; 62/0); 4.3.1.2.1 (1; 98/0),4.3.1.2.1,typhi
ERR1788840,ERR1788840,PRJEB12392,ERS14797005,PRJEB60768,ERR11029634,SAMEA4384587,SAMEA112796221,B12730,Y,2007,India,4.3.1.1,typhi,87.299,4.3.1,strong,-,-,-,-,1 (1; 0/3); 2 (1; 0/0); 3 (1; 0/7); 4 (1; 7/0); 4.3.1 (1; 9/0),typhi,91.478,4.3.1.1,strong,-,-,-,-,1 (1; 0/39); 2 (1; 0/45); 3 (1; 0/30); 4 (1; 29/0); 4.3.1 (1; 27/0); 4.3.1.1 (1; 33/0),NoMatch,typhi
ERR1788888,ERR1788888,PRJEB12392,ERS14797006,PRJEB60768,ERR11029635,SAMEA4384611,SAMEA112796222,B24112,Y,2012,India,4.3.1.1,typhi,85.515,4.3.1.1,strong,-,-,-,-,1 (1; 0/3); 2 (1; 0/1); 3 (1; 0/8); 4 (1; 4/0); 4.3.1 (1; 4/0); 4.3.1.1 (1; 1/0),typhi,91.478,4.3.1.1,strong,-,-,-,-,1 (1; 0/39); 2 (1; 0/42); 3 (1; 0/44); 4 (1; 49/0); 4.3.1 (1; 43/0); 4.3.1.1 (1; 44/0),4.3.1.1,typhi
ERR1788874,ERR1788874,PRJEB12392,ERS14797007,PRJEB60768,ERR11029636,SAMEA4384604,SAMEA112796223,B32375,Y,2011,India,4.3.1.1,not typhi,73.259,NA,NA,NA,NA,NA,NA,NA,typhi,91.478,4.3.1.1,strong,-,-,-,-,1 (1; 0/33); 2 (1; 0/25); 3 (1; 0/29); 4 (1; 29/0); 4.3.1 (1; 31/0); 4.3.1.1 (1; 44/0),NA,NoMatch
ERR1788886,ERR1788886,PRJEB12392,ERS14797008,PRJEB60768,ERR11029637,SAMEA4384610,SAMEA112796224,B39348,Y,2012,India,4.3.1.1,typhi,85.79,4.3.1.1,strong,-,-,-,-,1 (1; 0/1); 2 (1; 0/0); 3 (1; 0/5); 4 (1; 2/0); 4.3.1 (1; 7/1); 4.3.1.1 (1; 2/0),typhi,91.478,4.3.1.1,strong,-,-,-,-,1 (1; 0/33); 2 (1; 0/39); 3 (1; 0/40); 4 (1; 23/0); 4.3.1 (1; 24/0); 4.3.1.1 (1; 38/0),4.3.1.1,typhi
ERR1788760,ERR1788760,PRJEB12392,ERS14797009,PRJEB60768,ERR11029638,SAMEA4384547,SAMEA112796225,B4636,Y,1991,India,4.3.1.1,typhi,86.907,4.3.1.1,weak,1.0,4 (0; 2/0),-,-,1 (1; 0/0); 2 (1; 0/0); 3 (1; 0/7); 4 (0; 2/0); 4.3.1 (1; 4/0); 4.3.1.1 (1; 3/0),typhi,91.478,4.3.1.1,strong,-,-,-,-,1 (1; 0/41); 2 (1; 0/53); 3 (1; 0/41); 4 (1; 33/0); 4.3.1 (1; 35/0); 4.3.1.1 (1; 41/0),4.3.1.1,typhi
ERR1788920,ERR1788920,PRJEB12392,ERS14797010,PRJEB60768,ERR11029639,SAMEA4384627,SAMEA112796226,B5087,Y,2015,India,4.3.1.1,not typhi,84.834,NA,NA,NA,NA,NA,NA,NA,typhi,91.478,4.3.1.1,strong,-,-,-,-,1 (1; 0/56); 2 (1; 0/59); 3 (1; 0/56); 4 (1; 40/0); 4.3.1 (1; 48/0); 4.3.1.1 (1; 57/0),NA,NoMatch
ERR1788905,ERR1788905,PRJEB12392,ERS14797011,PRJEB60768,ERR11029640,SAMEA4384824,SAMEA112796227,B4129,Y,2014,India,4.3.1.2,not typhi,84.634,NA,NA,NA,NA,NA,NA,NA,typhi,91.478,4.3.1.2,strong,-,-,-,-,1 (1; 0/44); 2 (1; 0/49); 3 (1; 0/32); 4 (1; 48/0); 4.3.1 (1; 44/0); 4.3.1.2 (1; 49/0),NA,NoMatch
ERR1788910,ERR1788910,PRJEB12392,ERS14797012,PRJEB60768,ERR11029641,SAMEA4384622,SAMEA112796228,B4878,Y,2015,India,4.3.1.2,typhi,88.75,4.3.1,strong,-,-,-,-,1 (1; 0/11); 2 (1; 0/4); 3 (1; 1/17); 4 (1; 19/0); 4.3.1 (1; 31/0),typhi,91.503,4.3.1.2,strong,-,-,-,-,1 (1; 0/27); 2 (1; 0/26); 3 (1; 0/35); 4 (1; 27/0); 4.3.1 (1; 39/0); 4.3.1.2 (1; 41/0),NoMatch,typhi
SRR7961992,SRR7961992,PRJNA248792,ERR4246279,PRJEB38900,ERR4246279,SAMN10173316,SAMEA6963600,611427,Y,2018,Pakistan,4.3.1.1.P1,not typhi,0,NA,NA,NA,NA,NA,NA,NA,typhi,91.478,4.3.1.1.P1,strong,-,-,-,-,1 (1; 0/38); 2 (1; 0/33); 3 (1; 0/60); 4 (1; 33/0); 4.3.1 (1; 38/0); 4.3.1.1 (1; 34/0); 4.3.1.1.P1 (1; 37/0),NA,NoMatch
SRR8554071,SRR8554071,PRJNA248792,SRR16296518,PRJNA248792,SRR16296518,SAMN10907658,SAMN10907658,681355,Y,2019,United Kingdom,4.3.1.2,typhi,90.716,4.3.1.2,strong,-,-,-,-,1 (1; 0/37); 2 (1; 0/2); 3 (1; 0/66); 4 (1; 46/0); 4.3.1 (1; 60/0); 4.3.1.2 (1; 75/0),typhi,91.482,4.3.1.2,strong,-,-,-,-,1 (1; 0/49); 2 (1; 0/48); 3 (1; 0/64); 4 (1; 35/0); 4.3.1 (1; 56/0); 4.3.1.2 (1; 91/0),4.3.1.2,typhi
SRR17283747,SRR17283747,PRJNA319593,SRR17299234,PRJNA319593,SRR17299234,SAMN24255092,SAMN24255092,AUSMDU00021620,Y,1983,Samoa,FALSE,typhi,95.181,3.5.4.1,strong,-,-,-,-,1 (1; 0/204); 2 (1; 0/274); 3 (1; 0/253); 3.5 (1; 588/6); 3.5.4 (1; 405/1); 3.5.4.1 (1; 457/42),typhi,91.563,3.5.4.1,strong,-,-,-,-,1 (1; 0/169); 2 (1; 0/179); 3 (1; 0/286); 3.5 (1; 161/0); 3.5.4 (1; 201/0); 3.5.4.1 (1; 247/0),3.5.4.1,typhi
SRR17283746,SRR17283746,PRJNA319593,SRR17299233,PRJNA319593,SRR17299233,SAMN24255093,SAMN24255093,AUSMDU00021621,Y,1985,Samoa,FALSE,typhi,95.337,3.5,strong,-,-,-,-,1 (1; 0/305); 2 (1; 0/408); 3 (1; 0/374); 3.5 (1; 822/5),typhi,91.48,3.5,strong,-,-,-,-,1 (1; 0/119); 2 (1; 0/119); 3 (1; 0/167); 3.5 (1; 123/1),3.5,typhi
SRR17283745,SRR17283745,PRJNA319593,SRR17299245,PRJNA319593,SRR17299245,SAMN24255094,SAMN24255094,AUSMDU00051266,Y,1991,Samoa,FALSE,typhi,95.54,3.5.4,strong,-,-,-,-,1 (1; 0/544); 2 (1; 0/717); 3 (1; 1/861); 3.5 (1; 1342/16); 3.5.4 (1; 917/2),typhi,91.549,3.5.4,strong,-,-,-,-,1 (1; 0/69); 2 (1; 0/148); 3 (1; 0/182); 3.5 (1; 117/0); 3.5.4 (1; 91/0),3.5.4,typhi
SRR17283743,SRR17283743,PRJNA319593,SRR17299244,PRJNA319593,SRR17299244,SAMN24255096,SAMN24255096,AUSMDU00051359,Y,1994,Samoa,FALSE,typhi,95.332,3.5.4.3,strong,-,-,-,-,1 (1; 0/216); 2 (1; 1/329); 3 (1; 0/251); 3.5 (1; 539/3); 3.5.4 (1; 417/1); 3.5.4.3 (1; 385/0),typhi,91.528,3.5.4.3,strong,-,-,-,-,1 (1; 0/125); 2 (1; 0/100); 3 (1; 0/181); 3.5 (1; 126/0); 3.5.4 (1; 117/0); 3.5.4.3 (1; 151/0),3.5.4.3,typhi
SRR17283742,SRR17283742,PRJNA319593,SRR17299243,PRJNA319593,SRR17299243,SAMN24255097,SAMN24255097,AUSMDU00051360,Y,1996,Samoa,FALSE,typhi,95.237,4.1,strong,-,-,-,-,1 (1; 0/176); 2 (1; 0/232); 3 (1; 1/215); 4 (1; 196/0); 4.1 (1; 323/6),typhi,91.48,4.1,strong,-,-,-,-,1 (1; 0/112); 2 (1; 0/85); 3 (1; 0/171); 4 (1; 77/0); 4.1 (1; 130/0),4.1,typhi
SRR17283740,SRR17283740,PRJNA319593,SRR17299242,PRJNA319593,SRR17299242,SAMN24255099,SAMN24255099,AUSMDU00052066,Y,2008,Samoa,FALSE,typhi,95.08,3.5.4.3,strong,-,-,-,-,1 (1; 0/104); 2 (1; 0/136); 3 (1; 0/111); 3.5 (1; 285/8); 3.5.4 (1; 179/4); 3.5.4.3 (1; 193/10),typhi,91.494,3.5.4.3,strong,-,-,-,-,1 (1; 0/65); 2 (1; 0/91); 3 (1; 0/143); 3.5 (1; 95/0); 3.5.4 (1; 59/0); 3.5.4.3 (1; 89/0),3.5.4.3,typhi
SRR17283704,SRR17283704,PRJNA319593,SRR17299241,PRJNA319593,SRR17299241,SAMN24255102,SAMN24255102,AUSMDU00052071,Y,2008,Samoa,FALSE,typhi,95.015,3.5.4.1,strong,-,-,-,-,1 (1; 0/84); 2 (1; 0/119); 3 (1; 0/112); 3.5 (1; 211/2); 3.5.4 (1; 176/0); 3.5.4.1 (1; 172/14),typhi,91.494,3.5.4.1,strong,-,-,-,-,1 (1; 0/85); 2 (1; 0/85); 3 (1; 0/139); 3.5 (1; 75/0); 3.5.4 (1; 85/0); 3.5.4.1 (1; 114/0),3.5.4.1,typhi
SRR17283806,SRR17283806,PRJNA319593,SRR17299247,PRJNA319593,SRR17299247,SAMN24254903,SAMN24254903,AUSMDU00022461,Y,2018,Samoa,FALSE,typhi,91.995,3.5.4.2,strong,-,-,-,-,1 (1; 0/29); 2 (1; 0/57); 3 (1; 0/50); 3.5 (1; 80/4); 3.5.4 (1; 62/1); 3.5.4.2 (1; 47/4),typhi,91.514,3.5.4.2,strong,-,-,-,-,1 (1; 0/122); 2 (1; 0/116); 3 (1; 0/180); 3.5 (1; 154/0); 3.5.4 (1; 100/0); 3.5.4.2 (1; 89/0),3.5.4.2,typhi
SRR17283762,SRR17283762,PRJNA319593,SRR17299240,PRJNA319593,SRR17299240,SAMN24255041,SAMN24255041,AUSMDU00036581,Y,2019,Samoa,FALSE,typhi,92.026,4.1,strong,-,-,-,-,1 (1; 0/37); 2 (1; 0/48); 3 (1; 0/56); 4 (1; 45/1); 4.1 (1; 86/0),typhi,91.478,4.1,strong,-,-,-,-,1 (1; 0/172); 2 (1; 0/171); 3 (1; 0/230); 4 (1; 134/0); 4.1 (1; 180/0),4.1,typhi
SRR17283786,SRR17283786,PRJNA319593,SRR17299246,PRJNA319593,SRR17299246,SAMN24255019,SAMN24255019,AUSMDU00036192,Y,2019,Samoa,FALSE,typhi,95.252,3.5.4.3,strong,-,-,-,-,1 (1; 0/127); 2 (1; 0/205); 3 (1; 0/201); 3.5 (1; 401/8); 3.5.4 (1; 236/2); 3.5.4.3 (1; 292/6),typhi,91.517,3.5.4.3,strong,-,-,-,-,1 (1; 0/136); 2 (1; 0/139); 3 (1; 0/210); 3.5 (1; 141/0); 3.5.4 (1; 102/0); 3.5.4.3 (1; 158/0),3.5.4.3,typhi
SRR17283675,SRR17283675,PRJNA319593,SRR17299236,PRJNA319593,SRR17299236,SAMN24255077,SAMN24255077,AUSMDU00049314,Y,2019,Samoa,FALSE,typhi,95.233,3.5.4.2,strong,-,-,-,-,1 (1; 0/162); 2 (1; 0/233); 3 (1; 0/204); 3.5 (1; 467/4); 3.5.4 (1; 299/1); 3.5.4.2 (1; 248/4),typhi,91.533,3.5.4.2,strong,-,-,-,-,1 (1; 0/253); 2 (1; 0/233); 3 (1; 0/384); 3.5 (1; 267/0); 3.5.4 (1; 206/0); 3.5.4.2 (1; 209/0),3.5.4.2,typhi
SRR17283631,SRR17283631,PRJNA319593,SRR17299235,PRJNA319593,SRR17299235,SAMN24255088,SAMN24255088,AUSMDU00049496,Y,2020,Samoa,FALSE,typhi,95.2,3.5.4.2,strong,-,-,-,-,1 (1; 0/149); 2 (1; 0/184); 3 (1; 0/203); 3.5 (1; 361/7); 3.5.4 (1; 239/3); 3.5.4.2 (1; 211/3),typhi,91.546,3.5.4.2,strong,-,-,-,-,1 (1; 0/183); 2 (1; 0/186); 3 (1; 0/253); 3.5 (1; 165/0); 3.5.4 (1; 150/0); 3.5.4.2 (1; 146/0),3.5.4.2,typhi
SRR17283682,SRR17283682,PRJNA319593,SRR17299238,PRJNA319593,SRR17299238,SAMN24255070,SAMN24255070,AUSMDU00049305,Y,2020,Samoa,FALSE,typhi,94.954,3.5.4.1,strong,-,-,-,-,1 (1; 0/44); 2 (1; 0/71); 3 (1; 0/71); 3.5 (1; 151/1); 3.5.4 (1; 103/1); 3.5.4.1 (1; 125/13),typhi,91.504,3.5.4.1,strong,-,-,-,-,1 (1; 0/216); 2 (1; 0/210); 3 (1; 0/303); 3.5 (1; 208/0); 3.5.4 (1; 186/0); 3.5.4.1 (1; 329/0),3.5.4.1,typhi
SRR17283686,SRR17283686,PRJNA319593,SRR17299239,PRJNA319593,SRR17299239,SAMN24255067,SAMN24255067,AUSMDU00049302,Y,2020,Samoa,FALSE,typhi,95.029,3.5.4.3,strong,-,-,-,-,1 (1; 0/99); 2 (1; 0/131); 3 (1; 2/119); 3.5 (1; 233/5); 3.5.4 (1; 168/2); 3.5.4.3 (1; 157/1),typhi,91.99,3.5.4.3,strong,-,-,-,-,1 (1; 0/206); 2 (1; 0/207); 3 (1; 0/342); 3.5 (1; 203/0); 3.5.4 (1; 200/0); 3.5.4.3 (1; 229/0),3.5.4.3,typhi
SRR14864609,SRR14864609,PRJNA319593,pending,pending,DMG2211389_23run,SAMN19777999,pending,DMG2211389,Y,2020,Australia,NA,typhi,95.143,4.3.1.2,strong,-,-,-,-,1 (1; 2/25); 2 (1; 0/22); 3 (1; 6/29); 4 (1; 27/4); 4.3.1 (1; 30/1); 4.3.1.2 (1; 37/6),typhi,91.527,4.3.1.2,strong,-,-,-,-,1 (1; 0/117); 2 (1; 0/111); 3 (1; 0/188); 4 (1; 84/0); 4.3.1 (1; 129/0); 4.3.1.2 (1; 141/0),4.3.1.2,typhi
SRR14864601,SRR14864601,PRJNA319593,pending,pending,DMG2211390_23run,SAMN19777909,pending,DMG2211390,Y,2018,Australia,NA,typhi,95.065,2.1,strong,-,-,-,-,1 (1; 4/14); 2 (1; 2/18); 2.1 (1; 16/4),typhi,91.732,2.1,strong,-,-,-,-,1 (1; 0/83); 2 (1; 0/109); 2.1 (1; 84/0),2.1,typhi
SRR14864551,SRR14864551,PRJNA319593,pending,pending,DMG2211391_23run,SAMN19777954,pending,DMG2211391,Y,2019,Australia,NA,typhi,95.178,3.1,strong,-,-,-,-,1 (1; 0/28); 2 (1; 0/26); 3 (1; 2/23); 3.1 (1; 20/4),typhi,91.722,3.1,strong,-,-,-,-,1 (1; 0/97); 2 (1; 0/96); 3 (1; 0/131); 3.1 (1; 129/0),3.1,typhi
SRR14864589,SRR14864589,PRJNA319593,pending,pending,DMG2211392_23run,SAMN19777919,pending,DMG2211392,Y,2019,Australia,NA,typhi,95.105,0.0.2,strong,-,-,-,-,0.0.2 (1; 32/5),typhi,91.697,0.0.2,strong,-,-,-,-,0.0.2 (1; 69/0),0.0.2,typhi
SRR14864570,SRR14864570,PRJNA319593,pending,pending,DMG2211393_23run,SAMN19777935,pending,DMG2211393,Y,2019,Australia,NA,typhi,95.088,2.2.2,strong,-,-,-,-,1 (1; 1/29); 2 (1; 0/16); 2.2 (1; 29/3); 2.2.2 (1; 37/1),typhi,91.697,2.2.2,strong,-,-,-,-,1 (1; 0/96); 2 (1; 0/95); 2.2 (1; 163/0); 2.2.2 (1; 148/0),2.2.2,typhi
SRR14864604,SRR14864604,PRJNA319593,pending,pending,DMG2211394_23run,SAMN19777906,pending,DMG2211394,Y,2018,Australia,NA,typhi,95.048,3.3.1,strong,-,-,-,-,1 (1; 3/51); 2 (1; 1/55); 3 (1; 4/64); 3.3 (1; 80/6); 3.3.1 (1; 52/7),typhi,91.699,3.3.1,strong,-,-,-,-,1 (1; 0/103); 2 (1; 0/70); 3 (1; 0/131); 3.3 (1; 119/0); 3.3.1 (1; 73/0),3.3.1,typhi
SRR14864561,SRR14864561,PRJNA319593,pending,pending,DMG2211395_23run,SAMN19777945,pending,DMG2211395,Y,2019,Australia,NA,typhi,95.02,4.3.1,strong,-,-,-,-,1 (1; 1/12); 2 (1; 0/25); 3 (1; 0/16); 4 (1; 25/1); 4.3.1 (1; 54/4),typhi,91.48,4.3.1,strong,-,-,-,-,1 (1; 0/65); 2 (1; 0/61); 3 (1; 0/96); 4 (1; 64/0); 4.3.1 (1; 78/0),4.3.1,typhi
SRR14864532,SRR14864532,PRJNA319593,pending,pending,DMG2211396_23run,SAMN19777968,pending,DMG2211396,Y,2019,Australia,NA,typhi,95.063,2.5,strong,-,-,-,-,1 (1; 0/58); 2 (1; 4/32); 2.5 (1; 74/4),typhi,91.701,2.5,strong,-,-,-,-,1 (1; 0/85); 2 (1; 0/87); 2.5 (1; 69/0),2.5,typhi
SRR14864536,SRR14864536,PRJNA319593,pending,pending,DMG2211397_23run,SAMN19777965,pending,DMG2211397,Y,2019,Australia,NA,typhi,94.688,4.1,strong,-,-,-,-,1 (1; 3/54); 2 (1; 0/45); 3 (1; 4/42); 4 (1; 40/0); 4.1 (1; 38/3),typhi,91.484,4.1,strong,-,-,-,-,1 (1; 0/114); 2 (1; 0/107); 3 (1; 0/203); 4 (1; 89/0); 4.1 (1; 134/0),4.1,typhi
ERR352277,ERR352277,ERP001718,pending,pending,DMG2211398_23run,SAMEA2145564,pending,DMG2211398,Y,2011,Australia,4.3.1.3.Bdq,typhi,95.033,4.3.1.3.Bdq,strong,-,-,-,-,1 (1; 1/42); 2 (1; 1/42); 3 (1; 1/24); 4 (1; 48/8); 4.3.1 (1; 39/5); 4.3.1.3 (1; 25/2); 4.3.1.3.Bdq (1; 46/4),typhi,91.478,4.3.1.3.Bdq,strong,-,-,-,-,1 (1; 0/46); 2 (1; 0/33); 3 (1; 0/44); 4 (1; 53/0); 4.3.1 (1; 42/0); 4.3.1.3 (1; 42/0); 4.3.1.3.Bdq (1; 45/0),4.3.1.3.Bdq,typhi
ERR357443,ERR357443,ERP001718,pending,pending,DMG2211399_23run,SAMEA2159341,pending,DMG2211399,Y,2012,Australia,3.0.2,typhi,95.153,3.0.2,strong,-,-,-,-,1 (1; 1/71); 2 (1; 5/73); 3 (1; 1/72); 3.0.2 (1; 69/6),typhi,91.901,3.0.2,strong,-,-,-,-,1 (1; 0/63); 2 (1; 0/53); 3 (1; 0/48); 3.0.2 (1; 55/0),3.0.2,typhi
ERR352453,ERR352453,ERP001718,pending,pending,DMG2211400_22run,SAMEA2151192,pending,DMG2211400,Y,2011,Australia,1.1.4,typhi,94.866,1.1.4,strong,-,-,-,-,1 (1; 1/29); 1.1 (1; 40/3); 1.1.4 (1; 32/2),typhi,90.749,1.1.4,strong,-,-,-,-,1 (1; 0/59); 1.1 (1; 59/0); 1.1.4 (1; 61/0),1.1.4,typhi
ERR357456,ERP001718,PRJEB3215,ERR11177478,PRJEB3215,ERR11177478,SAMEA1964467,SAMEA1964467,MDUST305,Y,1990,Papua New Guinea,2.1.7.1,typhi,87.017,2.1.7.1,strong,-,-,-,-,1 (1; 0/8); 2 (1; 0/0); 2.1 (1; 17/0); 2.1.7 (1; 17/0); 2.1.7.1 (1; 19/0),typhi,91.697,2.1.7.1,strong,-,-,-,-,1 (1; 0/60); 2 (1; 0/54); 2.1 (1; 58/0); 2.1.7 (1; 55/0); 2.1.7.1 (1; 49/0),2.1.7.1,typhi
ERR352500,ERR352500,PRJEB3215,ERR11177477,PRJEB3215,ERR11177477,SAMEA2158835,SAMEA2158835,MDUST348,Y,1985,Papua New Guinea,2.1.7.2,typhi,88.195,2.1.7,strong,-,-,-,-,1 (1; 0/4); 2 (1; 0/1); 2.1 (1; 13/0); 2.1.7 (1; 14/0),typhi,91.697,2.1.7.2,strong,-,-,-,-,1 (1; 0/50); 2 (1; 0/65); 2.1 (1; 47/0); 2.1.7 (1; 58/0); 2.1.7.2 (1; 64/0),NoMatch,typhi
ERR352300,ERR352300,PRJEB3215,ERR11177476,PRJEB3215,ERR11177476,SAMEA2145578,SAMEA2145578,MDUST255,Y,2010,Papua New Guinea,2.1.7.1,typhi,87.972,2.1.7.1,strong,-,-,-,-,1 (1; 0/11); 2 (1; 0/0); 2.1 (1; 15/0); 2.1.7 (1; 15/0); 2.1.7.1 (1; 24/0),typhi,91.71,2.1.7.1,strong,-,-,-,-,1 (1; 0/28); 2 (1; 0/46); 2.1 (1; 23/0); 2.1.7 (1; 52/0); 2.1.7.1 (1; 50/0),2.1.7.1,typhi
SRR7348373,2018AM-1008,PRJNA230403,pending,pending,2018AM-1008_barcode24,SAMN09430701,pending,PNUSAS041244,Y,2018,United States,0.0.3,typhi,91.711,0.0.3,strong,-,-,-,-,0.0.3 (1; 71/0),typhi,91.738,0.0.3,strong,-,-,-,-,0.0.3 (1; 103/0),0.0.3,typhi
SRR5812078,2017AM-3528,PRJNA230403,pending,pending,2017AM-3528_barcode23,SAMN07274005,pending,PNUSAS016467,Y,2017,United States,1.1,typhi,90.802,1.1,strong,-,-,-,-,1 (1; 0/43); 1.1 (1; 62/0),typhi,90.886,1.1,strong,-,-,-,-,1 (1; 0/69); 1.1 (1; 86/0),1.1,typhi
SRR10728930,2016AM-0658,PRJNA230403,pending,pending,2016AM-0658_barcode13,SAMN13624270,pending,2016AM-0658,Y,2016,United States,2.0.2,typhi,91.738,2.0.2,strong,-,-,-,-,1 (1; 0/76); 2 (1; 0/77); 2.0.2 (1; 91/0),typhi,91.737,2.0.2,strong,-,-,-,-,1 (1; 0/111); 2 (1; 0/115); 2.0.2 (1; 126/0),2.0.2,typhi
SRR10674037,2016AM-1778,PRJNA230403,pending,pending,2016AM-1778_barcode16,SAMN13545800,pending,2016AM-1778,Y,2016,United States,2.2,typhi,91.763,2.2,strong,-,-,-,-,1 (1; 0/192); 2 (1; 0/163); 2.2 (1; 244/0),typhi,94.821,2.2,strong,-,-,-,-,1 (1; 0/140); 2 (1; 0/238); 2.2 (1; 206/1),2.2,typhi
SRR10728945,2016AM-1002,PRJNA230403,pending,pending,2016AM-1002_barcode14,SAMN13624344,pending,2016AM-1002,Y,2016,United States,2.3.2,typhi,91.711,2.3.2,strong,-,-,-,-,1 (1; 0/45); 2 (1; 0/36); 2.2 (1; 50/0); 2.3 (1; 48/0); 2.3.2 (1; 23/1),typhi,94.765,2.3.2,strong,-,-,-,-,1 (1; 0/179); 2 (1; 1/137); 2.2 (1; 213/1); 2.3 (1; 151/0); 2.3.2 (1; 97/0),2.3.2,typhi
SRR10843747,2016AM-1138,PRJNA230403,pending,pending,2016AM-1138_barcode15,SAMN13747502,pending,2016AM-1138,Y,2016,United States,3.1.1,typhi,91.708,3.1.1,strong,-,-,-,-,1 (1; 0/43); 2 (1; 0/42); 3 (1; 0/53); 3.1 (1; 58/0); 3.1.1 (1; 47/0),typhi,91.776,3.1.1,strong,-,-,-,-,1 (1; 0/148); 2 (1; 2/153); 3 (1; 1/149); 3.1 (1; 160/0); 3.1.1 (1; 164/0),3.1.1,typhi
SRR10609607,2016AM-2287,PRJNA230403,pending,pending,2016AM-2287_barcode17,SAMN13514229,pending,2016AM-2287,Y,2016,United States,3.3,typhi,91.831,3.3,strong,-,-,-,-,1 (1; 0/65); 2 (1; 0/79); 3 (1; 1/70); 3.3 (1; 88/0),typhi,91.722,3.3,strong,-,-,-,-,1 (1; 0/120); 2 (1; 0/117); 3 (1; 0/135); 3.3 (1; 113/2),3.3,typhi
SRR6029286,2017AM-3458,PRJNA230403,pending,pending,2017AM-3458_barcode22,SAMN07604607,pending,PNUSAS022622,Y,2017,United States,4.1,typhi,91.522,4.1,strong,-,-,-,-,1 (1; 0/180); 2 (1; 0/178); 3 (1; 0/163); 4 (1; 102/0); 4.1 (1; 162/0),typhi,91.48,4.1,strong,-,-,-,-,1 (1; 0/54); 2 (1; 0/74); 3 (1; 0/73); 4 (1; 69/0); 4.1 (1; 84/0),4.1,typhi
ERR5161281,ERR5161281,PRJEB14050,pending,pending,BZD2E5,SAMEA5993351,pending,BZD2E5,Y,2017,Malawi,4.3.1.1.EA1,typhi,92.044,4.3.1.1.EA1,strong,-,-,-,-,1 (1; 0/67); 2 (1; 1/93); 3 (1; 2/128); 4 (1; 88/0); 4.3.1 (1; 145/1); 4.3.1.1 (1; 82/1); 4.3.1.1.EA1 (1; 93/0),typhi,91.528,4.3.1.1.EA1,strong,-,-,-,-,1 (1; 0/74); 2 (1; 0/65); 3 (1; 0/71); 4 (1; 79/0); 4.3.1 (1; 92/0); 4.3.1.1 (1; 63/0); 4.3.1.1.EA1 (1; 92/0),4.3.1.1.EA1,typhi
ERR5161888,ERR5161888,PRJEB14050,pending,pending,BZD2ZC,SAMEA5993964,pending,BZD2ZC,Y,2017,Malawi,4.3.1.1.EA1,typhi,95.015,4.3.1.1.EA1,strong,-,-,-,-,1 (1; 0/98); 2 (1; 0/137); 3 (1; 1/167); 4 (1; 141/0); 4.3.1 (1; 140/1); 4.3.1.1 (1; 95/0); 4.3.1.1.EA1 (1; 131/1),typhi,91.503,4.3.1.1.EA1,strong,-,-,-,-,1 (1; 0/67); 2 (1; 0/78); 3 (1; 0/69); 4 (1; 51/1); 4.3.1 (1; 81/0); 4.3.1.1 (1; 62/0); 4.3.1.1.EA1 (1; 69/0),4.3.1.1.EA1,typhi
ERR5161749,ERR5161749,PRJEB14050,pending,pending,BZD44J,SAMEA5993992,pending,BZD44J,Y,2018,Malawi,4.3.1.1.EA1,typhi,95.04,4.3.1.1.EA1,strong,-,-,-,-,1 (1; 0/104); 2 (1; 0/134); 3 (1; 0/165); 4 (1; 141/0); 4.3.1 (1; 151/3); 4.3.1.1 (1; 99/0); 4.3.1.1.EA1 (1; 130/0),typhi,91.503,4.3.1.1.EA1,strong,-,-,-,-,1 (1; 0/45); 2 (1; 0/47); 3 (1; 0/55); 4 (1; 52/0); 4.3.1 (1; 53/0); 4.3.1.1 (1; 52/0); 4.3.1.1.EA1 (1; 35/0),4.3.1.1.EA1,typhi
ERR5161540,ERR5161540,PRJEB14050,pending,pending,BZD50K,SAMEA5993308,pending,BZD50K,Y,2019,Malawi,4.3.1.1.EA1,typhi,94.982,4.3.1.1.EA1,strong,-,-,-,-,1 (1; 0/71); 2 (1; 0/97); 3 (1; 0/112); 4 (1; 97/0); 4.3.1 (1; 122/0); 4.3.1.1 (1; 74/0); 4.3.1.1.EA1 (1; 98/2),typhi,91.562,4.3.1.1.EA1,strong,-,-,-,-,1 (1; 0/55); 2 (1; 1/54); 3 (1; 0/50); 4 (1; 40/0); 4.3.1 (1; 47/0); 4.3.1.1 (1; 50/0); 4.3.1.1.EA1 (1; 45/0),4.3.1.1.EA1,typhi
ERR5161787,ERR5161787,PRJEB14050,pending,pending,BZD5DD,SAMEA5994007,pending,BZD5DD,Y,2019,Malawi,4.3.1.1.EA1,typhi,95.093,4.3.1.1.EA1,strong,-,-,-,-,1 (1; 0/128); 2 (1; 0/198); 3 (1; 0/235); 4 (1; 203/0); 4.3.1 (1; 228/5); 4.3.1.1 (1; 179/0); 4.3.1.1.EA1 (1; 194/1),typhi,91.48,4.3.1.1.EA1,strong,-,-,-,-,1 (1; 0/55); 2 (1; 0/64); 3 (1; 0/66); 4 (1; 82/0); 4.3.1 (1; 61/0); 4.3.1.1 (1; 61/0); 4.3.1.1.EA1 (1; 66/2),4.3.1.1.EA1,typhi
ERR5161948,ERR5161948,PRJEB14050,pending,pending,BZD5JZ,SAMEA5994014,pending,BZD5JZ,Y,2019,Malawi,4.3.1.1.EA1,typhi,91.782,4.3.1.1.EA1,strong,-,-,-,-,1 (1; 0/54); 2 (1; 0/71); 3 (1; 0/84); 4 (1; 73/0); 4.3.1 (1; 97/0); 4.3.1.1 (1; 57/0); 4.3.1.1.EA1 (1; 70/0),typhi,91.533,4.3.1.1.EA1,strong,-,-,-,-,1 (1; 0/47); 2 (1; 0/65); 3 (1; 0/49); 4 (1; 48/0); 4.3.1 (1; 62/0); 4.3.1.1 (1; 65/0); 4.3.1.1.EA1 (1; 73/0),4.3.1.1.EA1,typhi
ERR5635999,ERR5635999,PRJEB14050,pending,pending,BZD62J,SAMEA6496696,pending,BZD62J,Y,2019,Malawi,4.3.1.1.EA1,not typhi,0,NA,NA,NA,NA,NA,NA,NA,typhi,91.506,4.3.1.1.EA1,strong,-,-,-,-,1 (1; 0/47); 2 (1; 0/49); 3 (1; 0/48); 4 (1; 49/0); 4.3.1 (1; 45/0); 4.3.1.1 (1; 56/0); 4.3.1.1.EA1 (1; 53/0),NA,NoMatch
ERR5636000,ERR5636000,PRJEB14050,pending,pending,BZD6D3,SAMEA6496697,pending,BZD6D3,Y,2019,Malawi,4.3.1.1.EA1,typhi,94.947,4.3.1.1.EA1,strong,-,-,-,-,1 (1; 0/92); 2 (1; 0/127); 3 (1; 0/148); 4 (1; 110/0); 4.3.1 (1; 134/3); 4.3.1.1 (1; 106/1); 4.3.1.1.EA1 (1; 141/1),typhi,91.566,4.3.1.1.EA1,strong,-,-,-,-,1 (1; 0/41); 2 (1; 0/57); 3 (1; 0/44); 4 (1; 53/0); 4.3.1 (1; 47/0); 4.3.1.1 (1; 49/0); 4.3.1.1.EA1 (1; 56/0),4.3.1.1.EA1,typhi
ERR5636001,ERR5636001,PRJEB14050,pending,pending,BZD6GK,SAMEA6496698,pending,BZD6GK,Y,2019,Malawi,4.3.1.1.EA1,typhi,94.989,4.3.1.1.EA1,strong,-,-,-,-,1 (1; 0/73); 2 (1; 0/99); 3 (1; 0/127); 4 (1; 102/0); 4.3.1 (1; 140/3); 4.3.1.1 (1; 92/0); 4.3.1.1.EA1 (1; 94/1),typhi,91.478,4.3.1.1.EA1,strong,-,-,-,-,1 (1; 0/35); 2 (1; 0/42); 3 (1; 1/35); 4 (1; 40/0); 4.3.1 (1; 37/0); 4.3.1.1 (1; 47/0); 4.3.1.1.EA1 (1; 56/0),4.3.1.1.EA1,typhi
ERR5161552,ERR5161552,PRJEB14050,pending,pending,CDN33K,SAMEA5993326,pending,CDN33K,Y,2018,Malawi,4.3.1.1.EA1,typhi,95.074,4.3.1.1.EA1,strong,-,-,-,-,1 (1; 0/127); 2 (1; 1/202); 3 (1; 0/222); 4 (1; 154/0); 4.3.1 (1; 235/1); 4.3.1.1 (1; 130/1); 4.3.1.1.EA1 (1; 161/0),typhi,91.483,4.3.1.1.EA1,strong,-,-,-,-,1 (1; 0/40); 2 (1; 0/49); 3 (1; 0/37); 4 (1; 38/0); 4.3.1 (1; 34/0); 4.3.1.1 (1; 48/0); 4.3.1.1.EA1 (1; 51/0),4.3.1.1.EA1,typhi
ERR5161296,ERR5161296,PRJEB14050,pending,pending,CDN5H1,SAMEA5993356,pending,CDN5H1,Y,2019,Malawi,4.3.1.1.EA1,typhi,95.094,4.3.1.1.EA1,strong,-,-,-,-,1 (1; 0/119); 2 (1; 0/197); 3 (1; 0/226); 4 (1; 205/0); 4.3.1 (1; 221/2); 4.3.1.1 (1; 131/0); 4.3.1.1.EA1 (1; 183/0),typhi,91.487,4.3.1.1.EA1,strong,-,-,-,-,1 (1; 0/84); 2 (1; 0/72); 3 (1; 1/96); 4 (1; 80/1); 4.3.1 (1; 91/0); 4.3.1.1 (1; 105/1); 4.3.1.1.EA1 (1; 90/0),4.3.1.1.EA1,typhi
ERR5161582,ERR5161582,PRJEB14050,pending,pending,CDN5ZB,SAMEA5993357,pending,CDN5ZB,Y,2019,Malawi,4.3.1.1.EA1,typhi,91.749,4.3.1.1.EA1,strong,-,-,-,-,1 (1; 0/96); 2 (1; 0/117); 3 (1; 0/147); 4 (1; 129/0); 4.3.1 (1; 135/1); 4.3.1.1 (1; 94/0); 4.3.1.1.EA1 (1; 114/0),typhi,91.499,4.3.1.1.EA1,strong,-,-,-,-,1 (1; 0/53); 2 (1; 0/57); 3 (1; 0/51); 4 (1; 47/0); 4.3.1 (1; 49/0); 4.3.1.1 (1; 63/0); 4.3.1.1.EA1 (1; 37/0),4.3.1.1.EA1,typhi
