Illumina reads accession,Illumina Bioproject accession,Nanopore reads accession,Nanopore Bioproject accession,Biosample accession,Biosample acc long,DisplayName,Year,Country,Included in TGC paper (medRxov Dec2022),Literature Link,Isolating Lab,Lab Contact,ONT Flowcell,ONT Device,ONT Basecaller,ONT Processing,depth,ONT_species,ONT_spp_percent,ONT_genotype,ONT_confidence,ONT_lowest support for genotype marker,ONT_poorly supported markers,ONT_max support for additional markers,ONT_additional markers,ONT_node support,ONT_ampicillin,ONT_azithromycin,ONT_ceftriaxone,ONT_ciprofloxacin,ONT_chloramphenicol,ONT_sulfonamides,ONT_trimethoprim,ONT_trimethoprim-sulfamethoxazole,ONT_tetracycline,ONT_IncFIAHI1,ONT_IncHI1A,ONT_IncHI1BR27,ONT_IncHI1_ST6,ONT_IncY,ONT_IncX3,ONT_IncHI2A,ONT_IncI1,ONT_IncL_M,ONT_IncFIB_pHCM2,ONT_IncFIB_K,ONT_IncN,ONT_z66,ONT_num QRDR,ONT_parC_S80I,ONT_parC_S80R,ONT_parC_E84G,ONT_parC_E84K,ONT_gyrA_S83F,ONT_gyrA_S83Y,ONT_gyrA_D87G,ONT_gyrA_D87N,ONT_gyrA_D87V,ONT_gyrA_D87Y,ONT_gyrB_S464F,ONT_gyrB_S464Y,ONT_acrB_R717L,ONT_acrB_R717Q,ONT_mphA,ONT_ermB,ONT_ereA,ONT_blaTEM-1D,ONT_blaCTX-M-15,ONT_AmpC1,ONT_blaOXA-7,ONT_blaOXA-134,ONT_blaSHV-12,ONT_qnrS1,ONT_qnrB1,ONT_qnrD1,ONT_catA1,ONT_cmlA1,ONT_sul1,ONT_sul2,ONT_dfrA1,ONT_dfrA5,ONT_dfrA7,ONT_dfrA14,ONT_dfrA15,ONT_dfrA17,ONT_dfrA18,ONT_tetA,ONT_tetB,ONT_tetC,ONT_tetD,ONT_Seq_type,species,spp_percent,genotype,confidence,lowest support for genotype marker,poorly supported markers,max support for additional markers,additional markers,node support,ampicillin,azithromycin,ceftriaxone,ciprofloxacin,chloramphenicol,sulfonamides,trimethoprim,trimethoprim-sulfamethoxazole,tetracycline,IncFIAHI1,IncHI1A,IncHI1BR27,IncHI1_ST6,IncY,IncX3,IncHI2A,IncI1,IncL_M,IncFIB_pHCM2,IncFIB_K,IncN,z66,num QRDR,parC_S80I,parC_S80R,parC_E84G,parC_E84K,gyrA_S83F,gyrA_S83Y,gyrA_D87G,gyrA_D87N,gyrA_D87V,gyrA_D87Y,gyrB_S464F,gyrB_S464Y,acrB_R717L,acrB_R717Q,mphA,ermB,ereA,blaTEM-1D,blaCTX-M-15,AmpC1,blaOXA-7,blaOXA-134,blaSHV-12,qnrS1,qnrB1,qnrD1,catA1,cmlA1,sul1,sul2,dfrA1,dfrA5,dfrA7,dfrA14,dfrA15,dfrA17,dfrA18,tetA,tetB,tetC,tetD,Seq_type
DRR071001,PRJDB5169,DRR462723,PRJDB5169,SAMD00061240,SAMD00061240,030067TY,2003,Japan,No,PMID: 29255729,"NA","NA",R9.4.1,MinION,guppy v6.4.6,"demultiplexed using guppy, trimmed using porechop, filtered usinf filtlong",82.67,typhi,91.849,2.2.1,strong,-,-,-,-,1 (1; 0/26); 2 (1; 0/49); 2.2 (1; 54/0); 2.2.1 (1; 57/2),S,S,S,S,S,S,S,S,S,0,0,0,0,0,0,0,0,0,0,0,0,0,0,0,0,0,0,0,0,0,0,0,0,0,0,0,0,0,0,0,0,0,0,0,0,0,0,0,0,0,0,0,0,0,0,0,0,0,0,0,0,0,0,0,ONT,not typhi,79.534,NA,NA,NA,NA,NA,NA,NA,NA,NA,NA,NA,NA,NA,NA,S,NA,NA,NA,NA,NA,NA,NA,NA,NA,NA,NA,NA,NA,NA,0,NA,NA,NA,NA,NA,NA,NA,NA,NA,NA,NA,NA,NA,NA,NA,NA,NA,NA,NA,NA,NA,NA,NA,NA,NA,NA,NA,NA,NA,NA,NA,NA,NA,NA,NA,NA,NA,NA,NA,NA,NA,Illumina
SRR13988140,PRJNA230403,SRR21931399,PRJNA230403,SAMN18332688,SAMN18332688,PNUSAS195139,2021,USA,No,TBD,CDC,"NA",Mk9.4,GridION,guppy super-accurate v6.0.7,"demultiplexed using MinKNOWv22.03.4, trimmed using MinKNOWv22.03.4, filtered using MinKNOWv22.03.4",485.36,typhi,95.015,4.3.1.1.P1,strong,-,-,-,-,1 (1; 0/227); 2 (1; 0/305); 3 (1; 0/216); 4 (1; 368/1); 4.3.1 (1; 190/0); 4.3.1.1 (1; 326/0); 4.3.1.1.P1 (1; 324/0),R: blaTEM-1D,S,R: blaCTX-M-15,R: gyrA_S83F;qnrS1,S,R: sul2,S,S,S,0,0,0,0,1,0,0,0,0,0,0,0,0,1,0,0,0,0,1,0,0,0,0,0,0,0,0,0,0,0,0,1,1,0,0,0,0,1,0,0,0,0,0,1,0,0,0,0,0,0,0,0,0,0,0,ONT,typhi,91.478,4.3.1.1.P1,strong,-,-,-,-,1 (1; 0/87); 2 (1; 0/70); 3 (1; 0/73); 4 (1; 64/0); 4.3.1 (1; 83/0); 4.3.1.1 (1; 79/0); 4.3.1.1.P1 (1; 69/0),R: blaTEM-1D,S,R: blaCTX-M-15,R: gyrA_S83F;qnrS1,S,R: sul2,S,S,S,0,0,0,0,1,0,0,0,0,0,0,0,0,1,0,0,0,0,1,0,0,0,0,0,0,0,0,0,0,0,0,1,1,0,0,0,0,1,0,0,0,0,0,1,0,0,0,0,0,0,0,0,0,0,0,Illumina
SRR15669929,PRJNA230403,SRR21931401,PRJNA230403,SAMN21040479,SAMN21040479,PNUSAS224101,2021,USA,No,TBD,CDC,"NA",Mk9.4,GridION,guppy super-accurate v6.0.7,"demultiplexed using MinKNOWv22.03.4, trimmed using MinKNOWv22.03.4, filtered using MinKNOWv22.03.4",604.51,typhi,95.159,4.3.1.1.P1,strong,-,-,-,-,1 (1; 0/264); 2 (1; 0/375); 3 (1; 0/302); 4 (1; 422/0); 4.3.1 (1; 235/0); 4.3.1.1 (1; 368/0); 4.3.1.1.P1 (1; 391/0),R: blaTEM-1D,S,R: blaCTX-M-15,R: gyrA_S83F;qnrS1,S,R: sul2,S,S,S,0,0,0,0,1,0,0,0,0,0,0,0,0,1,0,0,0,0,1,0,0,0,0,0,0,0,0,0,0,0,0,1,1,0,0,0,0,1,0,0,0,0,0,1,0,0,0,0,0,0,0,0,0,0,0,ONT,typhi,91.49,4.3.1.1.P1,strong,-,-,-,-,1 (1; 0/25); 2 (1; 0/30); 3 (1; 0/26); 4 (1; 20/0); 4.3.1 (1; 22/0); 4.3.1.1 (1; 25/0); 4.3.1.1.P1 (1; 34/0),R: blaTEM-1D,S,R: blaCTX-M-15,R: gyrA_S83F;qnrS1,S,R: sul2,S,S,S,0,0,0,0,1,0,0,0,0,0,0,0,0,1,0,0,0,0,1,0,0,0,0,0,0,0,0,0,0,0,0,1,1,0,0,0,0,1,0,0,0,0,0,1,0,0,0,0,0,0,0,0,0,0,0,Illumina
SRR14289155,PRJNA230403,SRR21931400,PRJNA230403,SAMN18813804,SAMN18813804,PNUSAS198714,2021,USA,No,TBD,CDC,"NA",Mk9.4,GridION,guppy super-accurate v6.0.7,"demultiplexed using MinKNOWv22.03.4, trimmed using MinKNOWv22.03.4, filtered using MinKNOWv22.03.4",127.9,typhi,91.97,4.3.1.1.P1,strong,-,-,-,-,1 (1; 0/61); 2 (1; 0/73); 3 (1; 0/97); 4 (1; 99/0); 4.3.1 (1; 70/0); 4.3.1.1 (1; 61/0); 4.3.1.1.P1 (1; 96/0),R: blaTEM-1D,S,R: blaCTX-M-15,R: gyrA_S83F;qnrS1,R: catA1,R: sul1,R: dfrA7,R: dfrA7;sul1,S,0,0,0,0,0,0,0,0,0,0,0,0,0,1,0,0,0,0,1,0,0,0,0,0,0,0,0,0,0,0,0,1,1,0,0,0,0,1,0,0,1,0,1,0,0,0,1,0,0,0,0,0,0,0,0,ONT,typhi,91.492,4.3.1.1.P1,strong,-,-,-,-,1 (1; 0/48); 2 (1; 0/46); 3 (1; 0/66); 4 (1; 37/0); 4.3.1 (1; 54/0); 4.3.1.1 (1; 58/0); 4.3.1.1.P1 (1; 50/0),R: blaTEM-1D,S,R: blaCTX-M-15,R: gyrA_S83F;qnrS1,R: catA1,R: sul1,R: dfrA7,R: dfrA7;sul1,S,0,0,0,0,0,0,0,0,0,0,0,0,0,1,0,0,0,0,1,0,0,0,0,0,0,0,0,0,0,0,0,1,1,0,0,0,0,1,0,0,1,0,1,0,0,0,1,0,0,0,0,0,0,0,0,Illumina
DRR070993,PRJDB5169,DRR462722,PRJDB5169,SAMD00061232,SAMD00061232,020052TY,2002,Japan,No,PMID: 29255729,"NA","NA",R9.4.1,MinION,guppy v6.4.6,"demultiplexed using guppy, trimmed using porechop, filtered usinf filtlong",71.99,typhi,91.629,4.3.1.1,strong,-,-,-,-,1 (1; 0/19); 2 (1; 0/31); 3 (1; 0/44); 4 (1; 37/0); 4.3.1 (1; 33/1); 4.3.1.1 (1; 56/0),R: blaTEM-1D,S,S,S,S,R: sul1;sul2,R: dfrA7,R: dfrA7;sul1;sul2,R: tetB,0,0,1,1,0,0,0,0,0,0,0,0,0,0,0,0,0,0,0,0,0,0,0,0,0,0,0,0,0,0,0,1,0,0,0,0,0,0,0,0,0,0,1,1,0,0,1,0,0,0,0,0,1,0,0,ONT,typhi,91.509,4.3.1.1,strong,-,-,-,-,1 (1; 0/52); 2 (1; 0/51); 3 (1; 0/62); 4 (1; 64/0); 4.3.1 (1; 64/0); 4.3.1.1 (1; 70/0),R: blaTEM-1D,S,S,S,R: catA1,R: sul1;sul2,R: dfrA7,R: dfrA7;sul1;sul2,R: tetB,0,1,1,1,0,0,0,0,0,0,0,0,0,0,0,0,0,0,0,0,0,0,0,0,0,0,0,0,0,0,0,1,0,0,0,0,0,0,0,0,1,0,1,1,0,0,1,0,0,0,0,0,1,0,0,Illumina
DRR071029,PRJDB5169,DRR462724,PRJDB5169,SAMD00061268,SAMD00061268,090003TY,2009,Japan,No,PMID: 29255729,"NA","NA",R9.4.1,MinION,guppy v6.4.6,"demultiplexed using guppy, trimmed using porechop, filtered usinf filtlong",34.05,typhi,91.992,4.3.1.2.1,strong,-,-,-,-,1 (1; 0/10); 2 (1; 0/18); 3 (1; 0/14); 4 (1; 18/0); 4.3.1 (1; 13/0); 4.3.1.2 (1; 20/0); 4.3.1.2.1 (1; 11/0),S,S,S,R: gyrA_S83F;gyrA_D87N;parC_S80I,S,R: sul1,R: dfrA15,R: dfrA15;sul1,R: tetA,0,0,0,0,0,0,0,0,0,0,0,1,0,3,1,0,0,0,1,0,0,1,0,0,0,0,0,0,0,0,0,0,0,0,0,0,0,0,0,0,0,0,1,0,0,0,0,0,1,0,0,1,0,0,0,ONT,typhi,91.538,4.3.1.2.1,strong,-,-,-,-,1 (1; 0/88); 2 (1; 0/82); 3 (1; 0/83); 4 (1; 81/0); 4.3.1 (1; 96/1); 4.3.1.2 (1; 78/0); 4.3.1.2.1 (1; 67/0),S,S,S,R: gyrA_S83F;gyrA_D87N;parC_S80I,S,R: sul1,R: dfrA15,R: dfrA15;sul1,R: tetA,0,0,0,0,0,0,0,0,0,0,0,1,0,3,1,0,0,0,1,0,0,1,0,0,0,0,0,0,0,0,0,0,0,0,0,0,0,0,0,0,0,0,1,0,0,0,0,0,1,0,0,1,0,0,0,Illumina
DRR071033,PRJDB5169,DRR462725,PRJDB5169,SAMD00061272,SAMD00061272,100030TY,2010,Japan,No,PMID: 29255729,"NA","NA",R9.4.1,MinION,guppy v6.4.6,"demultiplexed using guppy, trimmed using porechop, filtered usinf filtlong",49.75,typhi,91.973,4.3.1.1,strong,-,-,-,-,1 (1; 0/13); 2 (1; 0/24); 3 (1; 0/32); 4 (1; 28/0); 4.3.1 (1; 21/0); 4.3.1.1 (1; 20/0),R: blaTEM-1D,S,S,I: gyrA_S83Y,S,R: sul2,S,S,S,0,0,0,0,0,0,0,0,0,0,0,0,0,1,0,0,0,0,0,1,0,0,0,0,0,0,0,0,0,0,0,1,0,0,0,0,0,0,0,0,0,0,0,1,0,0,0,0,0,0,0,0,0,0,0,ONT,typhi,91.73,4.3.1.1,strong,-,-,-,-,1 (1; 0/100); 2 (1; 0/95); 3 (1; 0/124); 4 (1; 43/0); 4.3.1 (1; 113/0); 4.3.1.1 (1; 121/2),R: blaTEM-1D,S,S,I: gyrA_S83Y,S,R: sul2,S,S,S,0,0,0,0,0,0,0,0,0,0,0,0,0,1,0,0,0,0,0,1,0,0,0,0,0,0,0,0,0,0,0,1,0,0,0,0,0,0,0,0,0,0,0,1,0,0,0,0,0,0,0,0,0,0,0,Illumina
DRR071034,PRJDB5169,DRR462726,PRJDB5169,SAMD00061273,SAMD00061273,110015TY,2011,Japan,No,PMID: 29255729,"NA","NA",R9.4.1,MinION,guppy v6.4.6,"demultiplexed using guppy, trimmed using porechop, filtered usinf filtlong",55.75,typhi,91.906,4.3.1,strong,-,-,-,-,1 (1; 0/19); 2 (1; 0/27); 3 (1; 0/36); 4 (1; 25/0); 4.3.1 (1; 19/1),S,S,S,I: gyrA_S83F,S,S,S,S,S,0,0,0,0,0,0,0,0,0,0,0,0,0,1,0,0,0,0,1,0,0,0,0,0,0,0,0,0,0,0,0,0,0,0,0,0,0,0,0,0,0,0,0,0,0,0,0,0,0,0,0,0,0,0,0,ONT,typhi,91.509,4.3.1,strong,-,-,-,-,1 (1; 0/109); 2 (1; 0/117); 3 (1; 0/96); 4 (1; 96/0); 4.3.1 (1; 101/0),S,S,S,I: gyrA_S83F,S,S,S,S,S,0,0,0,0,0,0,0,0,0,0,0,0,0,1,0,0,0,0,1,0,0,0,0,0,0,0,0,0,0,0,0,0,0,0,0,0,0,0,0,0,0,0,0,0,0,0,0,0,0,0,0,0,0,0,0,Illumina
DRR071037,PRJDB5169,DRR462727,PRJDB5169,SAMD00061276,SAMD00061276,120012TY,2012,Japan,No,PMID: 29255729,"NA","NA",R9.4.1,MinION,guppy v6.4.6,"demultiplexed using guppy, trimmed using porechop, filtered usinf filtlong",23.78,typhi,91.736,2.0.1,strong,-,-,-,-,1 (1; 0/12); 2 (1; 0/13); 2.0.1 (1; 13/0),S,S,S,I: gyrA_S83F,S,S,S,S,S,0,0,0,0,0,0,0,0,0,0,0,0,0,1,0,0,0,0,1,0,0,0,0,0,0,0,0,0,0,0,0,0,0,0,0,0,0,0,0,0,0,0,0,0,0,0,0,0,0,0,0,0,0,0,0,ONT,typhi,91.703,2.0.1,strong,-,-,-,-,1 (1; 0/89); 2 (1; 0/114); 2.0.1 (1; 74/0),S,S,S,I: gyrA_S83F,S,S,S,S,S,0,0,0,0,0,0,0,0,0,0,0,0,0,1,0,0,0,0,1,0,0,0,0,0,0,0,0,0,0,0,0,0,0,0,0,0,0,0,0,0,0,0,0,0,0,0,0,0,0,0,0,0,0,0,0,Illumina
SRR9911688,PRJNA248792,ERR4246262,PRJEB38900,SAMN12509235,SAMEA6963597,783201,2019,Pakistan,No,PMID:¬†33704480,"NA","NA",Mk9.4,MinION,guppy v3.2,demultiplexed with qcat,9.68,typhi,90.24,4.3.1.1.P1,weak,0,4.3.1.1 (0; 0/0),-,-,1 (1; 0/4); 2 (1; 0/4); 3 (1; 0/3); 4 (1; 2/0); 4.3.1 (1; 3/0); 4.3.1.1 (0; 0/0); 4.3.1.1.P1 (1; 5/0),R: blaTEM-1D,S,R: blaCTX-M-15,R: gyrA_S83F;qnrS1,R: catA1,R: sul1;sul2,R: dfrA7,R: dfrA7;sul1;sul2,S,0,0,0,0,0,0,0,0,0,0,0,0,0,1,0,0,0,0,1,0,0,0,0,0,0,0,0,0,0,0,0,1,1,0,0,0,0,1,0,0,1,0,1,1,0,0,1,0,0,0,0,0,0,0,0,ONT,typhi,91.478,4.3.1.1.P1,strong,-,-,-,-,1 (1; 0/38); 2 (1; 0/39); 3 (1; 0/72); 4 (1; 28/0); 4.3.1 (1; 46/0); 4.3.1.1 (1; 43/0); 4.3.1.1.P1 (1; 55/0),R: blaTEM-1D,S,R: blaCTX-M-15,R: gyrA_S83F;qnrS1,R: catA1,R: sul1;sul2,R: dfrA7,R: dfrA7;sul1;sul2,S,0,0,0,0,0,0,0,0,0,0,0,0,0,1,0,0,0,0,1,0,0,0,0,0,0,0,0,0,0,0,0,1,1,0,0,0,0,1,0,0,1,0,1,1,0,0,1,0,0,0,0,0,0,0,0,Illumina
SRR23759809,PRJNA935358,SRR23759797,PRJNA935358,SAMN33313064,SAMN33313064,1521-2017_CI,2017,Chile,No,"NA",ISC,"NA",R9,GridION,"guppy 4.2.2, with Default Parameters +effbaf8",Quality control and adapter trimming was performed with bcl2fastq (v2.20.0.445 with default paramters) and porechop (v0.2.3_seqan2.1.1 with default parameters) for Illumina and ONT sequencing respectively. ONT Basecalling was completed with guppy v4.2.2 with default parameters +effbaf8). Hybrid assembly with Illumina and ONT reads was performed with Unicycler (v0.4.8. with default paramaters). Assembly statistics were recorded with QUAST (V 5.0.2. with default paramaters).,437.4,typhi,95.025,1.2.1,strong,-,-,-,-,1 (1; 0/154); 1.2 (1; 238/5); 1.2.1 (1; 270/8),S,S,S,S,S,S,S,S,S,0,0,0,0,0,0,0,0,0,0,0,0,0,0,0,0,0,0,0,0,0,0,0,0,0,0,0,0,0,0,0,0,0,0,0,0,0,0,0,0,0,0,0,0,0,0,0,0,0,0,0,0,0,0,0,ONT,typhi,91.697,1.2.1,strong,-,-,-,-,1 (1; 0/474); 1.2 (1; 506/0); 1.2.1 (1; 522/0),S,S,S,S,S,S,S,S,S,0,0,0,0,0,0,0,0,0,0,0,0,0,0,0,0,0,0,0,0,0,0,0,0,0,0,0,0,0,0,0,0,0,0,0,0,0,0,0,0,0,0,0,0,0,0,0,0,0,0,0,0,0,0,0,Illumina
SRR23759805,PRJNA935358,SRR23759796,PRJNA935358,SAMN33313068,SAMN33313068,1521-2017_CO_04,2017,Chile,No,"NA",ISC,"NA",R9,GridION,"guppy 4.2.2, with Default Parameters +effbaf8",Quality control and adapter trimming was performed with bcl2fastq (v2.20.0.445 with default paramters) and porechop (v0.2.3_seqan2.1.1 with default parameters) for Illumina and ONT sequencing respectively. ONT Basecalling was completed with guppy v4.2.2 with default parameters +effbaf8). Hybrid assembly with Illumina and ONT reads was performed with Unicycler (v0.4.8. with default paramaters). Assembly statistics were recorded with QUAST (V 5.0.2. with default paramaters).,271.37,typhi,95.04,1.2.1,strong,-,-,-,-,1 (1; 0/105); 1.2 (1; 142/7); 1.2.1 (1; 167/8),S,S,S,S,S,S,S,S,S,0,0,0,0,0,0,0,0,0,0,0,0,0,0,0,0,0,0,0,0,0,0,0,0,0,0,0,0,0,0,0,0,0,0,0,0,0,0,0,0,0,0,0,0,0,0,0,0,0,0,0,0,0,0,0,ONT,typhi,91.699,1.2.1,strong,-,-,-,-,1 (1; 0/463); 1.2 (1; 469/0); 1.2.1 (1; 362/0),S,S,S,S,S,S,S,S,S,0,0,0,0,0,0,0,0,0,0,0,0,0,0,0,0,0,0,0,0,0,0,0,0,0,0,0,0,0,0,0,0,0,0,0,0,0,0,0,0,0,0,0,0,0,0,0,0,0,0,0,0,0,0,0,Illumina
SRR23759820,PRJNA935358,SRR23759795,PRJNA935358,SAMN33313050,SAMN33313050,1698-2017_CI,2017,Chile,No,"NA",ISC,"NA",R9,GridION,"guppy 4.2.2, with Default Parameters +effbaf8",Quality control and adapter trimming was performed with bcl2fastq (v2.20.0.445 with default paramters) and porechop (v0.2.3_seqan2.1.1 with default parameters) for Illumina and ONT sequencing respectively. ONT Basecalling was completed with guppy v4.2.2 with default parameters +effbaf8). Hybrid assembly with Illumina and ONT reads was performed with Unicycler (v0.4.8. with default paramaters). Assembly statistics were recorded with QUAST (V 5.0.2. with default paramaters).,268.89,typhi,95.046,2,strong,-,-,-,-,1 (1; 0/81); 2 (1; 0/137),S,S,S,S,S,S,S,S,S,0,0,0,0,0,0,0,0,0,0,0,0,0,0,0,0,0,0,0,0,0,0,0,0,0,0,0,0,0,0,0,0,0,0,0,0,0,0,0,0,0,0,0,0,0,0,0,0,0,0,0,0,0,0,0,ONT,typhi,91.722,2,strong,-,-,-,-,1 (1; 0/486); 2 (1; 0/428),S,S,S,S,S,S,S,S,S,0,0,0,0,0,0,0,0,0,0,0,0,0,0,0,0,0,0,0,0,0,0,0,0,0,0,0,0,0,0,0,0,0,0,0,0,0,0,0,0,0,0,0,0,0,0,0,0,0,0,0,0,0,0,0,Illumina
SRR23759804,PRJNA935358,SRR23759794,PRJNA935358,SAMN33313069,SAMN33313069,1698-2017_CO_04,2017,Chile,No,"NA",ISC,"NA",R9,GridION,"guppy 4.2.2, with Default Parameters +effbaf8",Quality control and adapter trimming was performed with bcl2fastq (v2.20.0.445 with default paramters) and porechop (v0.2.3_seqan2.1.1 with default parameters) for Illumina and ONT sequencing respectively. ONT Basecalling was completed with guppy v4.2.2 with default parameters +effbaf8). Hybrid assembly with Illumina and ONT reads was performed with Unicycler (v0.4.8. with default paramaters). Assembly statistics were recorded with QUAST (V 5.0.2. with default paramaters).,261.06,typhi,95.085,2,strong,-,-,-,-,1 (1; 0/79); 2 (1; 0/125),S,S,S,S,S,S,S,S,S,0,0,0,0,0,0,0,0,0,0,0,0,0,0,0,0,0,0,0,0,0,0,0,0,0,0,0,0,0,0,0,0,0,0,0,0,0,0,0,0,0,0,0,0,0,0,0,0,0,0,0,0,0,0,0,ONT,typhi,91.753,2,strong,-,-,-,-,1 (1; 0/465); 2 (1; 0/425),S,S,S,S,S,S,S,S,S,0,0,0,0,0,0,0,0,0,0,0,0,0,0,0,0,0,0,0,0,0,0,0,0,0,0,0,0,0,0,0,0,0,0,0,0,0,0,0,0,0,0,0,0,0,0,0,0,0,0,0,0,0,0,0,Illumina
SRR23759802,PRJNA935358,SRR23759793,PRJNA935358,SAMN33313070,SAMN33313070,1698-2017_CO_06,2017,Chile,No,"NA",ISC,"NA",R9,GridION,"guppy 4.2.2, with Default Parameters +effbaf8",Quality control and adapter trimming was performed with bcl2fastq (v2.20.0.445 with default paramters) and porechop (v0.2.3_seqan2.1.1 with default parameters) for Illumina and ONT sequencing respectively. ONT Basecalling was completed with guppy v4.2.2 with default parameters +effbaf8). Hybrid assembly with Illumina and ONT reads was performed with Unicycler (v0.4.8. with default paramaters). Assembly statistics were recorded with QUAST (V 5.0.2. with default paramaters).,306.62,typhi,95.198,2,strong,-,-,-,-,1 (1; 0/107); 2 (1; 0/141),S,S,S,S,S,S,S,S,S,0,0,0,0,0,0,0,0,0,0,0,0,0,0,0,0,0,0,0,0,0,0,0,0,0,0,0,0,0,0,0,0,0,0,0,0,0,0,0,0,0,0,0,0,0,0,0,0,0,0,0,0,0,0,0,ONT,typhi,91.746,2,strong,-,-,-,-,1 (1; 0/324); 2 (1; 0/400),S,S,S,S,S,S,S,S,S,0,0,0,0,0,0,0,0,0,0,0,0,0,0,0,0,0,0,0,0,0,0,0,0,0,0,0,0,0,0,0,0,0,0,0,0,0,0,0,0,0,0,0,0,0,0,0,0,0,0,0,0,0,0,0,Illumina
SRR23759812,PRJNA935358,SRR23759791,PRJNA935358,SAMN33313061,SAMN33313061,2027-2019_CI,2019,Chile,No,"NA",ISC,"NA",R9,GridION,"guppy 4.2.2, with Default Parameters +effbaf8",Quality control and adapter trimming was performed with bcl2fastq (v2.20.0.445 with default paramters) and porechop (v0.2.3_seqan2.1.1 with default parameters) for Illumina and ONT sequencing respectively. ONT Basecalling was completed with guppy v4.2.2 with default parameters +effbaf8). Hybrid assembly with Illumina and ONT reads was performed with Unicycler (v0.4.8. with default paramaters). Assembly statistics were recorded with QUAST (V 5.0.2. with default paramaters).,433.97,typhi,95.109,3.5,strong,-,-,-,-,1 (1; 0/146); 2 (1; 0/188); 3 (1; 5/212); 3.5 (1; 257/8),S,S,S,S,S,S,S,S,S,0,0,0,0,0,0,0,0,0,0,0,0,0,0,0,0,0,0,0,0,0,0,0,0,0,0,0,0,0,0,0,0,0,0,0,0,0,0,0,0,0,0,0,0,0,0,0,0,0,0,0,0,0,0,0,ONT,typhi,91.921,3.5,strong,-,-,-,-,1 (1; 0/423); 2 (1; 0/421); 3 (1; 0/587); 3.5 (1; 402/0),S,S,S,S,S,S,S,S,S,0,0,0,0,0,0,0,0,0,0,0,0,0,0,0,0,0,0,0,0,0,0,0,0,0,0,0,0,0,0,0,0,0,0,0,0,0,0,0,0,0,0,0,0,0,0,0,0,0,0,0,0,0,0,0,Illumina
SRR23759801,PRJNA935358,SRR23759790,PRJNA935358,SAMN33313071,SAMN33313071,2027-2019_CO_04_Copr1,2019,Chile,No,"NA",ISC,"NA",R9,GridION,"guppy 4.2.2, with Default Parameters +effbaf8",Quality control and adapter trimming was performed with bcl2fastq (v2.20.0.445 with default paramters) and porechop (v0.2.3_seqan2.1.1 with default parameters) for Illumina and ONT sequencing respectively. ONT Basecalling was completed with guppy v4.2.2 with default parameters +effbaf8). Hybrid assembly with Illumina and ONT reads was performed with Unicycler (v0.4.8. with default paramaters). Assembly statistics were recorded with QUAST (V 5.0.2. with default paramaters).,192.27,typhi,92.007,3.5,strong,-,-,-,-,1 (1; 0/60); 2 (1; 0/87); 3 (1; 4/94); 3.5 (1; 107/4),S,S,S,S,S,S,S,S,S,0,0,0,0,0,0,0,0,0,0,0,0,0,0,0,0,0,0,0,0,0,0,0,0,0,0,0,0,0,0,0,0,0,0,0,0,0,0,0,0,0,0,0,0,0,0,0,0,0,0,0,0,0,0,0,ONT,typhi,91.478,3.5,strong,-,-,-,-,1 (1; 0/427); 2 (1; 0/473); 3 (1; 0/594); 3.5 (1; 459/0),S,S,S,S,S,S,S,S,S,0,0,0,0,0,0,0,0,0,0,0,0,0,0,0,0,0,0,0,0,0,0,0,0,0,0,0,0,0,0,0,0,0,0,0,0,0,0,0,0,0,0,0,0,0,0,0,0,0,0,0,0,0,0,0,Illumina
SRR23759814,PRJNA935358,SRR23759800,PRJNA935358,SAMN33313058,SAMN33313058,314-2017_CI,2017,Chile,No,"NA",ISC,"NA",R9,GridION,"guppy 4.2.2, with Default Parameters +effbaf8",Quality control and adapter trimming was performed with bcl2fastq (v2.20.0.445 with default paramters) and porechop (v0.2.3_seqan2.1.1 with default parameters) for Illumina and ONT sequencing respectively. ONT Basecalling was completed with guppy v4.2.2 with default parameters +effbaf8). Hybrid assembly with Illumina and ONT reads was performed with Unicycler (v0.4.8. with default paramaters). Assembly statistics were recorded with QUAST (V 5.0.2. with default paramaters).,421.52,typhi,95.101,3.5,strong,-,-,-,-,1 (1; 0/162); 2 (1; 5/206); 3 (1; 9/217); 3.5 (1; 270/7),S,S,S,S,S,S,S,S,S,0,0,0,0,0,0,0,0,0,0,0,0,0,0,0,0,0,0,0,0,0,0,0,0,0,0,0,0,0,0,0,0,0,0,0,0,0,0,0,0,0,0,0,0,0,0,0,0,0,0,0,0,0,0,0,ONT,typhi,91.503,3.5,strong,-,-,-,-,1 (1; 0/580); 2 (1; 0/462); 3 (1; 0/553); 3.5 (1; 590/0),S,S,S,S,S,S,S,S,S,0,0,0,0,0,0,0,0,0,0,0,0,0,0,0,0,0,0,0,0,0,0,0,0,0,0,0,0,0,0,0,0,0,0,0,0,0,0,0,0,0,0,0,0,0,0,0,0,0,0,0,0,0,0,0,Illumina
SRR23759806,PRJNA935358,SRR23759799,PRJNA935358,SAMN33313067,SAMN33313067,314-2017_CO_03,2017,Chile,No,"NA",ISC,"NA",R9,GridION,"guppy 4.2.2, with Default Parameters +effbaf8",Quality control and adapter trimming was performed with bcl2fastq (v2.20.0.445 with default paramters) and porechop (v0.2.3_seqan2.1.1 with default parameters) for Illumina and ONT sequencing respectively. ONT Basecalling was completed with guppy v4.2.2 with default parameters +effbaf8). Hybrid assembly with Illumina and ONT reads was performed with Unicycler (v0.4.8. with default paramaters). Assembly statistics were recorded with QUAST (V 5.0.2. with default paramaters).,190.64,typhi,95.076,3.5,strong,-,-,-,-,1 (1; 0/69); 2 (1; 2/74); 3 (1; 11/94); 3.5 (1; 117/5),S,S,S,S,S,S,S,S,S,0,0,0,0,0,0,0,0,0,0,0,0,0,0,0,0,0,0,0,0,0,0,0,0,0,0,0,0,0,0,0,0,0,0,0,0,0,0,0,0,0,0,0,0,0,0,0,0,0,0,0,0,0,0,0,ONT,typhi,91.478,3.5,strong,-,-,-,-,1 (1; 0/463); 2 (1; 0/421); 3 (1; 0/559); 3.5 (1; 435/0),S,S,S,S,S,S,S,S,S,0,0,0,0,0,0,0,0,0,0,0,0,0,0,0,0,0,0,0,0,0,0,0,0,0,0,0,0,0,0,0,0,0,0,0,0,0,0,0,0,0,0,0,0,0,0,0,0,0,0,0,0,0,0,0,Illumina
SRR6310476,PRJNA230403,pending,pending,SAMN08027655,pending,PNUSAS025456,2017,United States,No,NA,CDC,NA,ToConfirm,ToConfirm,ToConfirm,ToConfirm,13.69,typhi,91.73,2.5,strong,-,-,-,-,1 (1; 0/5); 2 (1; 0/3); 2.5 (1; 21/0),S,S,S,I: gyrA_S83F,S,S,S,S,S,0,0,0,0,0,0,0,0,0,1,0,0,0,1,0,0,0,0,1,0,0,0,0,0,0,0,0,0,0,0,0,0,0,0,0,0,0,0,0,0,0,0,0,0,0,0,0,0,0,0,0,0,0,0,0,ONT,typhi,91.709,2.5,strong,-,-,-,-,1 (1; 0/134); 2 (1; 0/153); 2.5 (1; 157/0),S,S,S,I: gyrA_S83F,S,S,S,S,S,0,0,0,0,0,0,0,0,0,1,0,0,0,1,0,0,0,0,1,0,0,0,0,0,0,0,0,0,0,0,0,0,0,0,0,0,0,0,0,0,0,0,0,0,0,0,0,0,0,0,0,0,0,0,0,Illumina
NG_UCH_NSP20_218,pending,pending,pending,pending,pending,NG_UCH_NSP20,ToConfirm,Nigeria,No,NA,"NA",NA,ToConfirm,ToConfirm,ToConfirm,ToConfirm,63.52,typhi,91.78,3.1.1,strong,-,-,-,-,1 (1; 0/15); 2 (1; 0/29); 3 (1; 0/24); 3.1 (1; 27/0); 3.1.1 (1; 17/0),R: blaTEM-1D,S,S,I: gyrA_S83Y,S,R: sul2,R: dfrA14,R: dfrA14;sul2,R: tetA,0,0,0,0,1,0,0,0,0,0,0,0,0,1,0,0,0,0,0,1,0,0,0,0,0,0,0,0,0,0,0,1,0,0,0,0,0,0,0,0,0,0,0,1,0,0,0,1,0,0,0,1,0,0,0,ONT,typhi,91.697,3.1.1,strong,-,-,-,-,1 (1; 0/15); 2 (1; 0/10); 3 (1; 0/19); 3.1 (1; 16/0); 3.1.1 (1; 10/0),R: blaTEM-1D,S,S,I: gyrA_S83Y,S,R: sul2,R: dfrA14,R: dfrA14;sul2,R: tetA,0,0,0,0,1,0,0,0,0,0,0,0,0,1,0,0,0,0,0,1,0,0,0,0,0,0,0,0,0,0,0,1,0,0,0,0,0,0,0,0,0,0,0,1,0,0,0,1,0,0,0,1,0,0,0,Illumina
NG_UCH_NSP30_228,pending,pending,pending,pending,pending,NG_UCH_NSP30,ToConfirm,Nigeria,No,NA,"NA",NA,ToConfirm,ToConfirm,ToConfirm,ToConfirm,38.16,typhi,91.65,3.1.1,strong,-,-,-,-,1 (1; 0/10); 2 (1; 0/14); 3 (1; 0/16); 3.1 (1; 16/0); 3.1.1 (1; 9/0),R: blaTEM-1D,S,S,I: gyrA_S83Y,S,R: sul2,R: dfrA14,R: dfrA14;sul2,R: tetA,0,0,0,0,1,0,0,0,0,0,0,0,0,1,0,0,0,0,0,1,0,0,0,0,0,0,0,0,0,0,0,1,0,0,0,0,0,0,0,0,0,0,0,1,0,0,0,1,0,0,0,1,0,0,0,ONT,typhi,91.712,3.1.1,strong,-,-,-,-,1 (1; 0/28); 2 (1; 0/32); 3 (1; 0/35); 3.1 (1; 38/0); 3.1.1 (1; 24/0),R: blaTEM-1D,S,S,I: gyrA_S83Y,S,R: sul2,R: dfrA14,R: dfrA14;sul2,R: tetA,0,0,0,0,1,0,0,0,0,0,0,0,0,1,0,0,0,0,0,1,0,0,0,0,0,0,0,0,0,0,0,1,0,0,0,0,0,0,0,0,0,0,0,1,0,0,0,1,0,0,0,1,0,0,0,Illumina
NG_UCH_NSP31_229,pending,pending,pending,pending,pending,NG_UCH_NSP31,ToConfirm,Nigeria,No,NA,"NA",NA,ToConfirm,ToConfirm,ToConfirm,ToConfirm,56.73,typhi,91.758,3.1.1,strong,-,-,-,-,1 (1; 0/11); 2 (1; 0/12); 3 (1; 0/22); 3.1 (1; 26/0); 3.1.1 (1; 13/0),R: blaTEM-1D,S,S,I: gyrA_S83Y,S,R: sul2,R: dfrA14,R: dfrA14;sul2,R: tetA,0,0,0,0,1,0,0,0,0,0,0,0,0,1,0,0,0,0,0,1,0,0,0,0,0,0,0,0,0,0,0,1,0,0,0,0,0,0,0,0,0,0,0,1,0,0,0,1,0,0,0,1,0,0,0,ONT,typhi,91.697,3.1.1,strong,-,-,-,-,1 (1; 0/47); 2 (1; 0/51); 3 (1; 0/39); 3.1 (1; 50/0); 3.1.1 (1; 58/0),R: blaTEM-1D,S,S,I: gyrA_S83Y,S,R: sul2,R: dfrA14,R: dfrA14;sul2,R: tetA,0,0,0,0,1,0,0,0,0,0,0,0,0,1,0,0,0,0,0,1,0,0,0,0,0,0,0,0,0,0,0,1,0,0,0,0,0,0,0,0,0,0,0,1,0,0,0,1,0,0,0,1,0,0,0,Illumina
ERR3290561,SAMEA5567946,ERR11177482,PRJEB14050,SAMEA5567946,SAMEA5567946,DN489517,2007,Bangladesh,Yes,"NA",Wellcome Sanger Institute,"NA","NA",GridION,"NA","NA",103.97,typhi,88.695,4.3.1.1,strong,-,-,-,-,1 (1; 0/20); 2 (1; 0/3); 3 (1; 0/46); 4 (1; 43/0); 4.3.1 (1; 42/1); 4.3.1.1 (1; 20/0),S,S,S,I: gyrA_S83F,R: catA1,R: sul1,R: dfrA7,R: dfrA7;sul1,S,0,0,0,0,0,0,0,0,0,1,0,0,0,1,0,0,0,0,1,0,0,0,0,0,0,0,0,0,0,0,0,0,0,0,0,0,0,0,0,0,1,0,1,0,0,0,1,0,0,0,0,0,0,0,0,ONT,typhi,91.892,4.3.1.1,strong,-,-,-,-,1 (1; 0/120); 2 (1; 0/127); 3 (1; 0/118); 4 (1; 128/0); 4.3.1 (1; 110/0); 4.3.1.1 (1; 147/1),S,S,S,I: gyrA_S83F,R: catA1,R: sul1,R: dfrA7,R: dfrA7;sul1,S,0,0,0,0,0,0,0,0,0,1,0,0,0,1,0,0,0,0,1,0,0,0,0,0,0,0,0,0,0,0,0,0,0,0,0,0,0,0,0,0,1,0,1,0,0,0,1,0,0,0,0,0,0,0,0,Illumina
ERR2789212,SAMEA104151748,ERR11177481,PRJEB14050,SAMEA104151748,SAMEA104151748,DN489517,2004,Bangladesh,Yes,"NA",Wellcome Sanger Institute,"NA","NA",GridION,"NA","NA",103.97,typhi,91.793,4.3.1.1,strong,-,-,-,-,1 (1; 0/14); 2 (1; 0/1); 3 (1; 0/45); 4 (1; 29/0); 4.3.1 (1; 40/1); 4.3.1.1 (1; 24/0),R: blaTEM-1D,S,S,I: gyrA_S83F,R: catA1,R: sul1;sul2,R: dfrA7,R: dfrA7;sul1;sul2,S,0,0,0,0,0,0,0,0,0,1,0,0,0,1,0,0,0,0,1,0,0,0,0,0,0,0,0,0,0,0,0,1,0,0,0,0,0,0,0,0,1,0,1,1,0,0,1,0,0,0,0,0,0,0,0,ONT,typhi,91.478,4.3.1.1,strong,-,-,-,-,1 (1; 0/96); 2 (1; 0/118); 3 (1; 0/126); 4 (1; 98/0); 4.3.1 (1; 117/0); 4.3.1.1 (1; 104/0),R: blaTEM-1D,S,S,I: gyrA_S83F,R: catA1,R: sul1;sul2,R: dfrA7,R: dfrA7;sul1;sul2,S,0,0,0,0,0,0,0,0,0,1,0,0,0,1,0,0,0,0,1,0,0,0,0,0,0,0,0,0,0,0,0,1,0,0,0,0,0,0,0,0,1,0,1,1,0,0,1,0,0,0,0,0,0,0,0,Illumina
ERR3290564,SAMEA5567949,ERR11177479,PRJEB14050,SAMEA5567949,SAMEA5567949,DN489517,2007,Bangladesh,Yes,"NA",Wellcome Sanger Institute,"NA","NA",GridION,"NA","NA",486.91,typhi,94.992,4.3.1.3.Bdq,strong,-,-,-,-,1 (1; 0/94); 2 (1; 0/4); 3 (1; 0/95); 4 (1; 109/0); 4.3.1 (1; 112/0); 4.3.1.3 (1; 123/1); 4.3.1.3.Bdq (1; 217/4),R: blaTEM-1D,S,S,R: gyrA_S83Y;qnrS1,S,R: sul2,S,S,R: tetA,0,0,0,0,0,0,0,0,0,0,1,0,0,1,0,0,0,0,0,1,0,0,0,0,0,0,0,0,0,0,0,1,0,0,0,0,0,1,0,0,0,0,0,1,0,0,0,0,0,0,0,1,0,0,0,ONT,typhi,91.489,4.3.1.3.Bdq,strong,-,-,-,-,1 (1; 0/118); 2 (1; 0/123); 3 (1; 0/133); 4 (1; 129/0); 4.3.1 (1; 104/0); 4.3.1.3 (1; 123/0); 4.3.1.3.Bdq (1; 123/0),R: blaTEM-1D,S,S,R: gyrA_S83Y;qnrS1,S,R: sul2,S,S,R: tetA,0,0,0,0,0,0,0,0,0,0,1,0,0,1,0,0,0,0,0,1,0,0,0,0,0,0,0,0,0,0,0,1,0,0,0,0,0,1,0,0,0,0,0,1,0,0,0,0,0,0,0,1,0,0,0,Illumina
ERR2789218,SAMEA104151756,ERR11177480,PRJEB14054,SAMEA104151756,SAMEA104151756,DN489517,2005,Bangladesh,Yes,"NA",Wellcome Sanger Institute,"NA","NA",GridION,"NA","NA",654.36,typhi,95.275,4.3.1.3,strong,-,-,-,-,1 (1; 0/142); 2 (1; 0/10); 3 (1; 0/232); 4 (1; 193/0); 4.3.1 (1; 225/3); 4.3.1.3 (1; 205/0),R: blaTEM-1D,S,S,I: gyrA_S83Y,R: catA1,R: sul1;sul2,R: dfrA7,R: dfrA7;sul1;sul2,R: tetB,1,1,1,1,0,0,0,0,0,0,0,0,0,1,0,0,0,0,0,1,0,0,0,0,0,0,0,0,0,0,0,1,0,0,0,0,0,0,0,0,1,0,1,1,0,0,1,0,0,0,0,0,1,0,0,ONT,typhi,91.503,4.3.1.3,strong,-,-,-,-,1 (1; 0/92); 2 (1; 0/127); 3 (1; 0/101); 4 (1; 117/0); 4.3.1 (1; 103/0); 4.3.1.3 (1; 121/0),R: blaTEM-1D,S,S,I: gyrA_S83Y,R: catA1,R: sul1;sul2,R: dfrA7,R: dfrA7;sul1;sul2,R: tetB,1,1,1,1,0,0,0,0,0,0,0,0,0,1,0,0,0,0,0,1,0,0,0,0,0,0,0,0,0,0,0,1,0,0,0,0,0,0,0,0,1,0,1,1,0,0,1,0,0,0,0,0,1,0,0,Illumina
DRR071045,PRJDB5169,DRR462728,PRJDB5169,SAMD00061284,SAMD00061284,130052TY,2013,Japan,No,PMID: 29255729,"NA","NA",R9.4.1,MinION,guppy v6.4.6,"demultiplexed using guppy, trimmed using porechop, filtered usinf filtlong",78.79,typhi,91.992,4.3.1.2,strong,-,-,-,-,1 (1; 0/19); 2 (1; 0/26); 3 (1; 0/52); 4 (1; 38/0); 4.3.1 (1; 31/3); 4.3.1.2 (1; 23/0),S,S,S,I: gyrA_S83F;parC_E84G,S,S,S,S,S,0,0,0,0,0,0,0,0,0,1,0,0,0,2,0,0,1,0,1,0,0,0,0,0,0,0,0,0,0,0,0,0,0,0,0,0,0,0,0,0,0,0,0,0,0,0,0,0,0,0,0,0,0,0,0,ONT,typhi,91.49,4.3.1.2,strong,-,-,-,-,1 (1; 1/49); 2 (1; 1/72); 3 (1; 0/102); 4 (1; 50/0); 4.3.1 (1; 80/0); 4.3.1.2 (1; 75/0),S,S,S,I: gyrA_S83F;parC_E84G,S,S,S,S,S,0,0,0,0,0,0,0,0,0,1,0,0,0,2,0,0,1,0,1,0,0,0,0,0,0,0,0,0,0,0,0,0,0,0,0,0,0,0,0,0,0,0,0,0,0,0,0,0,0,0,0,0,0,0,0,Illumina
DRR071060,PRJDB5169,DRR462729,PRJDB5169,SAMD00061299,SAMD00061299,140051TY,2014,Japan,No,PMID: 29255729,"NA","NA",R9.4.1,MinION,guppy v6.4.6,"demultiplexed using guppy, trimmed using porechop, filtered usinf filtlong",49.42,typhi,91.56,4.3.1.2.1,strong,-,-,-,-,1 (1; 0/15); 2 (1; 0/30); 3 (1; 0/32); 4 (1; 21/0); 4.3.1 (1; 18/1); 4.3.1.2 (1; 17/0); 4.3.1.2.1 (1; 10/0),S,S,S,R: gyrA_S83F;gyrA_D87N;parC_S80I,S,R: sul1,R: dfrA15,R: dfrA15;sul1,R: tetA,0,0,0,0,0,0,0,0,0,0,0,1,0,3,1,0,0,0,1,0,0,1,0,0,0,0,0,0,0,0,0,0,0,0,0,0,0,0,0,0,0,0,1,0,0,0,0,0,1,0,0,1,0,0,0,ONT,typhi,91.503,4.3.1.2.1,strong,-,-,-,-,1 (1; 0/91); 2 (1; 0/97); 3 (1; 0/135); 4 (1; 92/0); 4.3.1 (1; 117/0); 4.3.1.2 (1; 71/0); 4.3.1.2.1 (1; 109/0),S,S,S,R: gyrA_S83F;gyrA_D87N;parC_S80I,S,R: sul1,R: dfrA15,R: dfrA15;sul1,R: tetA,0,0,0,0,0,0,0,0,0,0,0,1,0,3,1,0,0,0,1,0,0,1,0,0,0,0,0,0,0,0,0,0,0,0,0,0,0,0,0,0,0,0,1,0,0,0,0,0,1,0,0,1,0,0,0,Illumina
DRR071066,PRJDB5169,DRR462730,PRJDB5169,SAMD00061305,SAMD00061305,150056TY,2015,Japan,No,PMID: 29255729,"NA","NA",R9.4.1,MinION,guppy v6.4.6,"demultiplexed using guppy, trimmed using porechop, filtered usinf filtlong",76.15,typhi,91.966,4.3.1.1,strong,-,-,-,-,1 (1; 0/23); 2 (1; 0/33); 3 (1; 0/54); 4 (1; 33/0); 4.3.1 (1; 45/0); 4.3.1.1 (1; 45/0),S,S,S,I: gyrA_S83F,S,S,S,S,S,0,0,0,0,0,0,0,0,0,1,0,0,0,1,0,0,0,0,1,0,0,0,0,0,0,0,0,0,0,0,0,0,0,0,0,0,0,0,0,0,0,0,0,0,0,0,0,0,0,0,0,0,0,0,0,ONT,typhi,91.497,4.3.1.1,strong,-,-,-,-,1 (1; 0/92); 2 (1; 1/89); 3 (1; 0/113); 4 (1; 67/1); 4.3.1 (1; 96/0); 4.3.1.1 (1; 120/0),S,S,S,I: gyrA_S83F,S,S,S,S,S,0,0,0,0,0,0,0,0,0,1,0,0,0,1,0,0,0,0,1,0,0,0,0,0,0,0,0,0,0,0,0,0,0,0,0,0,0,0,0,0,0,0,0,0,0,0,0,0,0,0,0,0,0,0,0,Illumina
DRR071071,PRJDB5169,DRR462731,PRJDB5169,SAMD00061310,SAMD00061310,160011TY,2016,Japan,No,PMID: 29255729,"NA","NA",R9.4.1,MinION,guppy v6.4.6,"demultiplexed using guppy, trimmed using porechop, filtered usinf filtlong",35.62,typhi,91.821,4.3.1.2.1,strong,-,-,-,-,1 (1; 0/12); 2 (1; 0/20); 3 (1; 0/25); 4 (1; 7/0); 4.3.1 (1; 14/1); 4.3.1.2 (1; 14/0); 4.3.1.2.1 (1; 7/0),S,S,S,R: gyrA_S83F;gyrA_D87N;parC_S80I,S,S,S,S,S,0,0,0,0,0,0,0,0,0,0,0,0,0,3,1,0,0,0,1,0,0,1,0,0,0,0,0,0,0,0,0,0,0,0,0,0,0,0,0,0,0,0,0,0,0,0,0,0,0,0,0,0,0,0,0,ONT,typhi,91.641,4.3.1.2.1,strong,-,-,-,-,1 (1; 0/71); 2 (1; 0/84); 3 (1; 0/132); 4 (1; 57/0); 4.3.1 (1; 120/0); 4.3.1.2 (1; 62/0); 4.3.1.2.1 (1; 98/0),S,S,S,R: gyrA_S83F;gyrA_D87N;parC_S80I,S,S,S,S,S,0,0,0,0,0,0,0,0,0,0,0,0,0,3,1,0,0,0,1,0,0,1,0,0,0,0,0,0,0,0,0,0,0,0,0,0,0,0,0,0,0,0,0,0,0,0,0,0,0,0,0,0,0,0,0,Illumina
ERR1788840,PRJEB12392,ERS14797005,PRJEB60768,SAMEA4384587,SAMEA112796221,B12730,2007,India,Yes,"NA","NA","NA",R9,MinION,guppy,demultiplexed using guppy,35.57,typhi,87.299,4.3.1,strong,-,-,-,-,1 (1; 0/3); 2 (1; 0/0); 3 (1; 0/7); 4 (1; 7/0); 4.3.1 (1; 9/0),R: blaTEM-1D,S,S,I: gyrA_D87Y,R: catA1,R: sul1;sul2,R: dfrA7,R: dfrA7;sul1;sul2,S,0,0,0,0,0,0,0,0,0,0,0,0,0,1,0,0,0,0,0,0,0,0,0,1,0,0,0,0,0,0,0,1,0,0,0,0,0,0,0,0,1,0,1,1,0,0,1,0,0,0,0,0,0,0,0,ONT,typhi,91.478,4.3.1.1,strong,-,-,-,-,1 (1; 0/39); 2 (1; 0/45); 3 (1; 0/30); 4 (1; 29/0); 4.3.1 (1; 27/0); 4.3.1.1 (1; 33/0),R: blaTEM-1D,S,S,I: gyrA_D87Y,R: catA1,R: sul1;sul2,R: dfrA7,R: dfrA7;sul1;sul2,S,0,0,0,0,0,0,0,0,0,0,0,0,0,1,0,0,0,0,0,0,0,0,0,1,0,0,0,0,0,0,0,1,0,0,0,0,0,0,0,0,1,0,1,1,0,0,1,0,0,0,0,0,0,0,0,Illumina
ERR1788888,PRJEB12392,ERS14797006,PRJEB60768,SAMEA4384611,SAMEA112796222,B24112,2012,India,Yes,"NA","NA","NA",R9,MinION,guppy,demultiplexed using guppy,26.77,typhi,85.515,4.3.1.1,strong,-,-,-,-,1 (1; 0/3); 2 (1; 0/1); 3 (1; 0/8); 4 (1; 4/0); 4.3.1 (1; 4/0); 4.3.1.1 (1; 1/0),R: blaTEM-1D,S,S,I: gyrA_S83Y,R: catA1,R: sul1;sul2,R: dfrA7,R: dfrA7;sul1;sul2,S,0,0,0,0,0,0,0,0,0,1,0,0,0,1,0,0,0,0,0,1,0,0,0,0,0,0,0,0,0,0,0,1,0,0,0,0,0,0,0,0,1,0,1,1,0,0,1,0,0,0,0,0,0,0,0,ONT,typhi,91.478,4.3.1.1,strong,-,-,-,-,1 (1; 0/39); 2 (1; 0/42); 3 (1; 0/44); 4 (1; 49/0); 4.3.1 (1; 43/0); 4.3.1.1 (1; 44/0),R: blaTEM-1D,S,S,I: gyrA_S83Y,R: catA1,R: sul1;sul2,R: dfrA7,R: dfrA7;sul1;sul2,S,0,0,0,0,0,0,0,0,0,1,0,0,0,1,0,0,0,0,0,1,0,0,0,0,0,0,0,0,0,0,0,1,0,0,0,0,0,0,0,0,1,0,1,1,0,0,1,0,0,0,0,0,0,0,0,Illumina
ERR1788874,PRJEB12392,ERS14797007,PRJEB60768,SAMEA4384604,SAMEA112796223,B32375,2011,India,Yes,"NA","NA","NA",R9,MinION,guppy,demultiplexed using guppy,8.01,not typhi,73.259,NA,NA,NA,NA,NA,NA,NA,NA,NA,NA,NA,NA,NA,NA,S,NA,NA,NA,NA,NA,NA,NA,NA,NA,NA,NA,NA,NA,NA,0,NA,NA,NA,NA,NA,NA,NA,NA,NA,NA,NA,NA,NA,NA,NA,NA,NA,NA,NA,NA,NA,NA,NA,NA,NA,NA,NA,NA,NA,NA,NA,NA,NA,NA,NA,NA,NA,NA,NA,NA,NA,ONT,typhi,91.478,4.3.1.1,strong,-,-,-,-,1 (1; 0/33); 2 (1; 0/25); 3 (1; 0/29); 4 (1; 29/0); 4.3.1 (1; 31/0); 4.3.1.1 (1; 44/0),R: blaTEM-1D,S,S,S,R: catA1,R: sul1;sul2,R: dfrA7,R: dfrA7;sul1;sul2,S,0,0,0,0,0,0,0,0,0,0,0,0,0,0,0,0,0,0,0,0,0,0,0,0,0,0,0,0,0,0,0,1,0,0,0,0,0,0,0,0,1,0,1,1,0,0,1,0,0,0,0,0,0,0,0,Illumina
ERR1788886,PRJEB12392,ERS14797008,PRJEB60768,SAMEA4384610,SAMEA112796224,B39348,2012,India,Yes,"NA","NA","NA",R9,MinION,guppy,demultiplexed using guppy,22.68,typhi,85.79,4.3.1.1,strong,-,-,-,-,1 (1; 0/1); 2 (1; 0/0); 3 (1; 0/5); 4 (1; 2/0); 4.3.1 (1; 7/1); 4.3.1.1 (1; 2/0),R: blaTEM-1D,S,S,S,R: catA1,R: sul1;sul2,R: dfrA7,R: dfrA7;sul1;sul2,S,0,0,0,0,0,0,0,0,0,1,0,0,0,0,0,0,0,0,0,0,0,0,0,0,0,0,0,0,0,0,0,1,0,0,0,0,0,0,0,0,1,0,1,1,0,0,1,0,0,0,0,0,0,0,0,ONT,typhi,91.478,4.3.1.1,strong,-,-,-,-,1 (1; 0/33); 2 (1; 0/39); 3 (1; 0/40); 4 (1; 23/0); 4.3.1 (1; 24/0); 4.3.1.1 (1; 38/0),R: blaTEM-1D,S,S,I: gyrA_S83F,R: catA1,R: sul1;sul2,R: dfrA7,R: dfrA7;sul1;sul2,S,0,0,0,0,0,0,0,0,0,1,0,0,0,1,0,0,0,0,1,0,0,0,0,0,0,0,0,0,0,0,0,1,0,0,0,0,0,0,0,0,1,0,1,1,0,0,1,0,0,0,0,0,0,0,0,Illumina
ERR1788760,PRJEB12392,ERS14797009,PRJEB60768,SAMEA4384547,SAMEA112796225,B4636,1991,India,Yes,"NA","NA","NA",R9,MinION,guppy,demultiplexed using guppy,33.44,typhi,86.907,4.3.1.1,weak,1.0,4 (0; 2/0),-,-,1 (1; 0/0); 2 (1; 0/0); 3 (1; 0/7); 4 (0; 2/0); 4.3.1 (1; 4/0); 4.3.1.1 (1; 3/0),R: blaTEM-1D,S,S,S,R: catA1,R: sul1;sul2,R: dfrA7,R: dfrA7;sul1;sul2,S,0,0,0,0,0,0,0,0,0,0,0,0,0,0,0,0,0,0,0,0,0,0,0,0,0,0,0,0,0,0,0,1,0,0,0,0,0,0,0,0,1,0,1,1,0,0,1,0,0,0,0,0,0,0,0,ONT,typhi,91.478,4.3.1.1,strong,-,-,-,-,1 (1; 0/41); 2 (1; 0/53); 3 (1; 0/41); 4 (1; 33/0); 4.3.1 (1; 35/0); 4.3.1.1 (1; 41/0),R: blaTEM-1D,S,S,S,R: catA1,R: sul1;sul2,R: dfrA7,R: dfrA7;sul1;sul2,S,0,0,0,0,0,0,0,0,0,0,0,0,0,0,0,0,0,0,0,0,0,0,0,0,0,0,0,0,0,0,0,1,0,0,0,0,0,0,0,0,1,0,1,1,0,0,1,0,0,0,0,0,0,0,0,Illumina
ERR1788920,PRJEB12392,ERS14797010,PRJEB60768,SAMEA4384627,SAMEA112796226,B5087,2015,India,Yes,"NA","NA","NA",R9,MinION,guppy,demultiplexed using guppy,27.85,not typhi,84.834,NA,NA,NA,NA,NA,NA,NA,NA,NA,NA,NA,NA,NA,NA,S,NA,NA,NA,NA,NA,NA,NA,NA,NA,NA,NA,NA,NA,NA,0,NA,NA,NA,NA,NA,NA,NA,NA,NA,NA,NA,NA,NA,NA,NA,NA,NA,NA,NA,NA,NA,NA,NA,NA,NA,NA,NA,NA,NA,NA,NA,NA,NA,NA,NA,NA,NA,NA,NA,NA,NA,ONT,typhi,91.478,4.3.1.1,strong,-,-,-,-,1 (1; 0/56); 2 (1; 0/59); 3 (1; 0/56); 4 (1; 40/0); 4.3.1 (1; 48/0); 4.3.1.1 (1; 57/0),R: blaTEM-1D,S,S,I: gyrA_S83F,R: catA1,R: sul1;sul2,R: dfrA7,R: dfrA7;sul1;sul2,S,0,0,0,0,0,0,0,0,0,1,0,0,0,1,0,0,0,0,1,0,0,0,0,0,0,0,0,0,0,0,0,1,0,0,0,0,0,0,0,0,1,0,1,1,0,0,1,0,0,0,0,0,0,0,0,Illumina
ERR1788905,PRJEB12392,ERS14797011,PRJEB60768,SAMEA4384824,SAMEA112796227,B4129,2014,India,Yes,"NA","NA","NA",R9,MinION,guppy,demultiplexed using guppy,26.4,not typhi,84.634,NA,NA,NA,NA,NA,NA,NA,NA,NA,NA,NA,NA,NA,NA,S,NA,NA,NA,NA,NA,NA,NA,NA,NA,NA,NA,NA,NA,NA,0,NA,NA,NA,NA,NA,NA,NA,NA,NA,NA,NA,NA,NA,NA,NA,NA,NA,NA,NA,NA,NA,NA,NA,NA,NA,NA,NA,NA,NA,NA,NA,NA,NA,NA,NA,NA,NA,NA,NA,NA,NA,ONT,typhi,91.478,4.3.1.2,strong,-,-,-,-,1 (1; 0/44); 2 (1; 0/49); 3 (1; 0/32); 4 (1; 48/0); 4.3.1 (1; 44/0); 4.3.1.2 (1; 49/0),R: blaTEM-1D,S,S,I: gyrA_S83F;parC_E84K,S,R: sul1,S,S,S,0,0,0,0,0,0,0,0,0,0,0,1,0,2,0,0,0,1,1,0,0,0,0,0,0,0,0,0,0,0,0,1,0,0,0,0,0,0,0,0,0,0,1,0,0,0,0,0,0,0,0,0,0,0,0,Illumina
ERR1788910,PRJEB12392,ERS14797012,PRJEB60768,SAMEA4384622,SAMEA112796228,B4878,2015,India,Yes,"NA","NA","NA",R9,MinION,guppy,demultiplexed using guppy,170.82,typhi,88.75,4.3.1,strong,-,-,-,-,1 (1; 0/11); 2 (1; 0/4); 3 (1; 1/17); 4 (1; 19/0); 4.3.1 (1; 31/0),R: blaTEM-1D,S,S,I: gyrA_S83F;parC_E84K,S,R: sul1,S,S,S,0,0,0,0,0,0,0,0,0,0,0,1,0,2,0,0,0,1,1,0,0,0,0,0,0,0,0,0,0,0,0,1,0,0,0,0,0,0,0,0,0,0,1,0,0,0,0,0,0,0,0,0,0,0,0,ONT,typhi,91.503,4.3.1.2,strong,-,-,-,-,1 (1; 0/27); 2 (1; 0/26); 3 (1; 0/35); 4 (1; 27/0); 4.3.1 (1; 39/0); 4.3.1.2 (1; 41/0),R: blaTEM-1D,S,S,I: gyrA_S83F;parC_E84K,S,R: sul1,S,S,S,0,0,0,0,0,0,0,0,0,0,0,1,0,2,0,0,0,1,1,0,0,0,0,0,0,0,0,0,0,0,0,1,0,0,0,0,0,0,0,0,0,0,1,0,0,0,0,0,0,0,0,0,0,0,0,Illumina
SRR7961992,PRJNA248792,ERR4246279,PRJEB38900,SAMN10173316,SAMEA6963600,611427,2018,Pakistan,Yes,PMID:¬†33704480,"NA","NA",Mk9.4,MinION,guppy v3.2,demultiplexed with qcat,4.06,not typhi,0,NA,NA,NA,NA,NA,NA,NA,NA,NA,NA,NA,NA,NA,NA,S,NA,NA,NA,NA,NA,NA,NA,NA,NA,NA,NA,NA,NA,NA,0,NA,NA,NA,NA,NA,NA,NA,NA,NA,NA,NA,NA,NA,NA,NA,NA,NA,NA,NA,NA,NA,NA,NA,NA,NA,NA,NA,NA,NA,NA,NA,NA,NA,NA,NA,NA,NA,NA,NA,NA,NA,ONT,typhi,91.478,4.3.1.1.P1,strong,-,-,-,-,1 (1; 0/38); 2 (1; 0/33); 3 (1; 0/60); 4 (1; 33/0); 4.3.1 (1; 38/0); 4.3.1.1 (1; 34/0); 4.3.1.1.P1 (1; 37/0),R: blaTEM-1D,S,R: blaCTX-M-15,R: gyrA_S83F;qnrS1,R: catA1,R: sul1;sul2,R: dfrA7,R: dfrA7;sul1;sul2,S,0,0,0,0,1,0,0,0,0,0,0,0,0,1,0,0,0,0,1,0,0,0,0,0,0,0,0,0,0,0,0,1,1,0,0,0,0,1,0,0,1,0,1,1,0,0,1,0,0,0,0,0,0,0,0,Illumina
SRR8554071,PRJNA248792,SRR16296518,PRJNA248792,SAMN10907658,SAMN10907658,681355,2019,United Kingdom,Yes,PMID:¬†36748517,"NA","NA",Mk9.4,MinION,guppy v3.2,"demultiplexed with qcat, Trimmed using PoreChop v0.2.4",259.26,typhi,90.716,4.3.1.2,strong,-,-,-,-,1 (1; 0/37); 2 (1; 0/2); 3 (1; 0/66); 4 (1; 46/0); 4.3.1 (1; 60/0); 4.3.1.2 (1; 75/0),S,S,R: blaCTX-M-15,I: gyrA_S83F,S,S,S,S,S,0,0,0,0,1,0,0,0,0,0,0,0,0,1,0,0,0,0,1,0,0,0,0,0,0,0,0,0,0,0,0,0,1,0,0,0,0,0,0,0,0,0,0,0,0,0,0,0,0,0,0,0,0,0,0,ONT,typhi,91.482,4.3.1.2,strong,-,-,-,-,1 (1; 0/49); 2 (1; 0/48); 3 (1; 0/64); 4 (1; 35/0); 4.3.1 (1; 56/0); 4.3.1.2 (1; 91/0),S,S,R: blaCTX-M-15,I: gyrA_S83F,S,S,S,S,S,0,0,0,0,1,0,0,0,0,0,0,0,0,1,0,0,0,0,1,0,0,0,0,0,0,0,0,0,0,0,0,0,1,0,0,0,0,0,0,0,0,0,0,0,0,0,0,0,0,0,0,0,0,0,0,Illumina
SRR17283747,PRJNA319593,SRR17299234,PRJNA319593,SAMN24255092,SAMN24255092,AUSMDU00021620,1983,Samoa,Yes,36094088,MDU,"NA",R9.4.1,GridION,guppy 4.2.3 with default parameters,"Read quality control was performed using fastp v0.20.1, Porechop v0.2.4, and Filtlong v0.2.0. Trycycler v.0.3.0 was used to create circular consensus assemblies using a subsampled long-read set assembled by Flye v2.8.3, miniasm/Minipolish v0.3/v0.1.2 and Raven v1.5.0. Final assemblies were polished using the full long-read set with Medaka v1.0.3 and with the short-read set using Pilon v1.23.",784.06,typhi,95.181,3.5.4.1,strong,-,-,-,-,1 (1; 0/204); 2 (1; 0/274); 3 (1; 0/253); 3.5 (1; 588/6); 3.5.4 (1; 405/1); 3.5.4.1 (1; 457/42),S,S,S,S,S,S,S,S,S,0,0,0,0,0,0,0,0,0,0,0,0,0,0,0,0,0,0,0,0,0,0,0,0,0,0,0,0,0,0,0,0,0,0,0,0,0,0,0,0,0,0,0,0,0,0,0,0,0,0,0,0,0,0,0,ONT,typhi,91.563,3.5.4.1,strong,-,-,-,-,1 (1; 0/169); 2 (1; 0/179); 3 (1; 0/286); 3.5 (1; 161/0); 3.5.4 (1; 201/0); 3.5.4.1 (1; 247/0),S,S,S,S,S,S,S,S,S,0,0,0,0,0,0,0,0,0,1,0,0,0,0,0,0,0,0,0,0,0,0,0,0,0,0,0,0,0,0,0,0,0,0,0,0,0,0,0,0,0,0,0,0,0,0,0,0,0,0,0,0,0,0,0,Illumina
SRR17283746,PRJNA319593,SRR17299233,PRJNA319593,SAMN24255093,SAMN24255093,AUSMDU00021621,1985,Samoa,Yes,36094088,MDU,"NA",R9.4.1,GridION,guppy 4.2.3 with default parameters,"Read quality control was performed using fastp v0.20.1, Porechop v0.2.4, and Filtlong v0.2.0. Trycycler v.0.3.0 was used to create circular consensus assemblies using a subsampled long-read set assembled by Flye v2.8.3, miniasm/Minipolish v0.3/v0.1.2 and Raven v1.5.0. Final assemblies were polished using the full long-read set with Medaka v1.0.3 and with the short-read set using Pilon v1.23.",1083.47,typhi,95.337,3.5,strong,-,-,-,-,1 (1; 0/305); 2 (1; 0/408); 3 (1; 0/374); 3.5 (1; 822/5),S,S,S,S,S,S,S,S,S,0,0,0,0,0,0,0,0,0,0,0,0,0,0,0,0,0,0,0,0,0,0,0,0,0,0,0,0,0,0,0,0,0,0,0,0,0,0,0,0,0,0,0,0,0,0,0,0,0,0,0,0,0,0,0,ONT,typhi,91.48,3.5,strong,-,-,-,-,1 (1; 0/119); 2 (1; 0/119); 3 (1; 0/167); 3.5 (1; 123/1),S,S,S,S,S,S,S,S,S,0,0,0,0,0,0,0,0,0,0,0,0,0,0,0,0,0,0,0,0,0,0,0,0,0,0,0,0,0,0,0,0,0,0,0,0,0,0,0,0,0,0,0,0,0,0,0,0,0,0,0,0,0,0,0,Illumina
SRR17283745,PRJNA319593,SRR17299245,PRJNA319593,SAMN24255094,SAMN24255094,AUSMDU00051266,1991,Samoa,Yes,36094088,MDU,"NA",R9.4.1,GridION,guppy 4.2.3 with default parameters,"Read quality control was performed using fastp v0.20.1, Porechop v0.2.4, and Filtlong v0.2.0. Trycycler v.0.3.0 was used to create circular consensus assemblies using a subsampled long-read set assembled by Flye v2.8.3, miniasm/Minipolish v0.3/v0.1.2 and Raven v1.5.0. Final assemblies were polished using the full long-read set with Medaka v1.0.3 and with the short-read set using Pilon v1.23.",1984.74,typhi,95.54,3.5.4,strong,-,-,-,-,1 (1; 0/544); 2 (1; 0/717); 3 (1; 1/861); 3.5 (1; 1342/16); 3.5.4 (1; 917/2),S,S,S,S,S,S,S,S,S,0,0,0,0,0,0,0,0,0,0,0,0,0,0,0,0,0,0,0,0,0,0,0,0,0,0,0,0,0,0,0,0,0,0,0,0,0,0,0,0,0,0,0,0,0,0,0,0,0,0,0,0,0,0,0,ONT,typhi,91.549,3.5.4,strong,-,-,-,-,1 (1; 0/69); 2 (1; 0/148); 3 (1; 0/182); 3.5 (1; 117/0); 3.5.4 (1; 91/0),S,S,S,S,S,S,S,S,S,0,0,0,0,0,0,0,0,0,0,0,0,0,0,0,0,0,0,0,0,0,0,0,0,0,0,0,0,0,0,0,0,0,0,0,0,0,0,0,0,0,0,0,0,0,0,0,0,0,0,0,0,0,0,0,Illumina
SRR17283743,PRJNA319593,SRR17299244,PRJNA319593,SAMN24255096,SAMN24255096,AUSMDU00051359,1994,Samoa,Yes,36094088,MDU,"NA",R9.4.1,GridION,guppy 4.2.3 with default parameters,"Read quality control was performed using fastp v0.20.1, Porechop v0.2.4, and Filtlong v0.2.0. Trycycler v.0.3.0 was used to create circular consensus assemblies using a subsampled long-read set assembled by Flye v2.8.3, miniasm/Minipolish v0.3/v0.1.2 and Raven v1.5.0. Final assemblies were polished using the full long-read set with Medaka v1.0.3 and with the short-read set using Pilon v1.23.",786.12,typhi,95.332,3.5.4.3,strong,-,-,-,-,1 (1; 0/216); 2 (1; 1/329); 3 (1; 0/251); 3.5 (1; 539/3); 3.5.4 (1; 417/1); 3.5.4.3 (1; 385/0),S,S,S,S,S,S,S,S,S,0,0,0,0,0,0,0,0,0,1,0,0,0,0,0,0,0,0,0,0,0,0,0,0,0,0,0,0,0,0,0,0,0,0,0,0,0,0,0,0,0,0,0,0,0,0,0,0,0,0,0,0,0,0,0,ONT,typhi,91.528,3.5.4.3,strong,-,-,-,-,1 (1; 0/125); 2 (1; 0/100); 3 (1; 0/181); 3.5 (1; 126/0); 3.5.4 (1; 117/0); 3.5.4.3 (1; 151/0),S,S,S,S,S,S,S,S,S,0,0,0,0,0,0,0,0,0,1,0,0,0,0,0,0,0,0,0,0,0,0,0,0,0,0,0,0,0,0,0,0,0,0,0,0,0,0,0,0,0,0,0,0,0,0,0,0,0,0,0,0,0,0,0,Illumina
SRR17283742,PRJNA319593,SRR17299243,PRJNA319593,SAMN24255097,SAMN24255097,AUSMDU00051360,1996,Samoa,Yes,36094088,MDU,"NA",R9.4.1,GridION,guppy 4.2.3 with default parameters,"Read quality control was performed using fastp v0.20.1, Porechop v0.2.4, and Filtlong v0.2.0. Trycycler v.0.3.0 was used to create circular consensus assemblies using a subsampled long-read set assembled by Flye v2.8.3, miniasm/Minipolish v0.3/v0.1.2 and Raven v1.5.0. Final assemblies were polished using the full long-read set with Medaka v1.0.3 and with the short-read set using Pilon v1.23.",621.56,typhi,95.237,4.1,strong,-,-,-,-,1 (1; 0/176); 2 (1; 0/232); 3 (1; 1/215); 4 (1; 196/0); 4.1 (1; 323/6),S,S,S,S,S,S,S,S,S,0,0,0,0,0,0,0,0,0,0,0,0,0,0,0,0,0,0,0,0,0,0,0,0,0,0,0,0,0,0,0,0,0,0,0,0,0,0,0,0,0,0,0,0,0,0,0,0,0,0,0,0,0,0,0,ONT,typhi,91.48,4.1,strong,-,-,-,-,1 (1; 0/112); 2 (1; 0/85); 3 (1; 0/171); 4 (1; 77/0); 4.1 (1; 130/0),S,S,S,S,S,S,S,S,S,0,0,0,0,0,0,0,0,0,0,0,0,0,0,0,0,0,0,0,0,0,0,0,0,0,0,0,0,0,0,0,0,0,0,0,0,0,0,0,0,0,0,0,0,0,0,0,0,0,0,0,0,0,0,0,Illumina
SRR17283740,PRJNA319593,SRR17299242,PRJNA319593,SAMN24255099,SAMN24255099,AUSMDU00052066,2008,Samoa,Yes,36094088,MDU,"NA",R9.4.1,GridION,guppy 4.2.3 with default parameters,"Read quality control was performed using fastp v0.20.1, Porechop v0.2.4, and Filtlong v0.2.0. Trycycler v.0.3.0 was used to create circular consensus assemblies using a subsampled long-read set assembled by Flye v2.8.3, miniasm/Minipolish v0.3/v0.1.2 and Raven v1.5.0. Final assemblies were polished using the full long-read set with Medaka v1.0.3 and with the short-read set using Pilon v1.23.",368.62,typhi,95.08,3.5.4.3,strong,-,-,-,-,1 (1; 0/104); 2 (1; 0/136); 3 (1; 0/111); 3.5 (1; 285/8); 3.5.4 (1; 179/4); 3.5.4.3 (1; 193/10),S,S,S,S,S,S,S,S,S,0,0,0,0,0,0,0,0,0,1,0,0,0,0,0,0,0,0,0,0,0,0,0,0,0,0,0,0,0,0,0,0,0,0,0,0,0,0,0,0,0,0,0,0,0,0,0,0,0,0,0,0,0,0,0,ONT,typhi,91.494,3.5.4.3,strong,-,-,-,-,1 (1; 0/65); 2 (1; 0/91); 3 (1; 0/143); 3.5 (1; 95/0); 3.5.4 (1; 59/0); 3.5.4.3 (1; 89/0),S,S,S,S,S,S,S,S,S,0,0,0,0,0,0,0,0,0,1,0,0,0,0,0,0,0,0,0,0,0,0,0,0,0,0,0,0,0,0,0,0,0,0,0,0,0,0,0,0,0,0,0,0,0,0,0,0,0,0,0,0,0,0,0,Illumina
SRR17283704,PRJNA319593,SRR17299241,PRJNA319593,SAMN24255102,SAMN24255102,AUSMDU00052071,2008,Samoa,Yes,36094088,MDU,"NA",R9.4.1,GridION,guppy 4.2.3 with default parameters,"Read quality control was performed using fastp v0.20.1, Porechop v0.2.4, and Filtlong v0.2.0. Trycycler v.0.3.0 was used to create circular consensus assemblies using a subsampled long-read set assembled by Flye v2.8.3, miniasm/Minipolish v0.3/v0.1.2 and Raven v1.5.0. Final assemblies were polished using the full long-read set with Medaka v1.0.3 and with the short-read set using Pilon v1.23.",292.66,typhi,95.015,3.5.4.1,strong,-,-,-,-,1 (1; 0/84); 2 (1; 0/119); 3 (1; 0/112); 3.5 (1; 211/2); 3.5.4 (1; 176/0); 3.5.4.1 (1; 172/14),S,S,S,S,S,S,S,S,S,0,0,0,0,0,0,0,0,0,0,0,0,0,0,0,0,0,0,0,0,0,0,0,0,0,0,0,0,0,0,0,0,0,0,0,0,0,0,0,0,0,0,0,0,0,0,0,0,0,0,0,0,0,0,0,ONT,typhi,91.494,3.5.4.1,strong,-,-,-,-,1 (1; 0/85); 2 (1; 0/85); 3 (1; 0/139); 3.5 (1; 75/0); 3.5.4 (1; 85/0); 3.5.4.1 (1; 114/0),S,S,S,S,S,S,S,S,S,0,0,0,0,0,0,0,0,0,0,0,0,0,0,0,0,0,0,0,0,0,0,0,0,0,0,0,0,0,0,0,0,0,0,0,0,0,0,0,0,0,0,0,0,0,0,0,0,0,0,0,0,0,0,0,Illumina
SRR17283806,PRJNA319593,SRR17299247,PRJNA319593,SAMN24254903,SAMN24254903,AUSMDU00022461,2018,Samoa,Yes,36094088,SAM,"NA",R9.4.1,GridION,guppy 4.2.3 with default parameters,"Read quality control was performed using fastp v0.20.1, Porechop v0.2.4, and Filtlong v0.2.0. Trycycler v.0.3.0 was used to create circular consensus assemblies using a subsampled long-read set assembled by Flye v2.8.3, miniasm/Minipolish v0.3/v0.1.2 and Raven v1.5.0. Final assemblies were polished using the full long-read set with Medaka v1.0.3 and with the short-read set using Pilon v1.23.",112.37,typhi,91.995,3.5.4.2,strong,-,-,-,-,1 (1; 0/29); 2 (1; 0/57); 3 (1; 0/50); 3.5 (1; 80/4); 3.5.4 (1; 62/1); 3.5.4.2 (1; 47/4),S,S,S,S,S,S,S,S,S,0,0,0,0,0,0,0,0,0,0,0,0,0,0,0,0,0,0,0,0,0,0,0,0,0,0,0,0,0,0,0,0,0,0,0,0,0,0,0,0,0,0,0,0,0,0,0,0,0,0,0,0,0,0,0,ONT,typhi,91.514,3.5.4.2,strong,-,-,-,-,1 (1; 0/122); 2 (1; 0/116); 3 (1; 0/180); 3.5 (1; 154/0); 3.5.4 (1; 100/0); 3.5.4.2 (1; 89/0),S,S,S,S,S,S,S,S,S,0,0,0,0,0,0,0,0,0,0,0,0,0,0,0,0,0,0,0,0,0,0,0,0,0,0,0,0,0,0,0,0,0,0,0,0,0,0,0,0,0,0,0,0,0,0,0,0,0,0,0,0,0,0,0,Illumina
SRR17283762,PRJNA319593,SRR17299240,PRJNA319593,SAMN24255041,SAMN24255041,AUSMDU00036581,2019,Samoa,Yes,36094088,SAM,"NA",R9.4.1,GridION,guppy 4.2.3 with default parameters,"Read quality control was performed using fastp v0.20.1, Porechop v0.2.4, and Filtlong v0.2.0. Trycycler v.0.3.0 was used to create circular consensus assemblies using a subsampled long-read set assembled by Flye v2.8.3, miniasm/Minipolish v0.3/v0.1.2 and Raven v1.5.0. Final assemblies were polished using the full long-read set with Medaka v1.0.3 and with the short-read set using Pilon v1.23.",134.17,typhi,92.026,4.1,strong,-,-,-,-,1 (1; 0/37); 2 (1; 0/48); 3 (1; 0/56); 4 (1; 45/1); 4.1 (1; 86/0),S,S,S,S,S,S,S,S,S,0,0,0,0,0,0,0,0,0,0,0,0,0,0,0,0,0,0,0,0,0,0,0,0,0,0,0,0,0,0,0,0,0,0,0,0,0,0,0,0,0,0,0,0,0,0,0,0,0,0,0,0,0,0,0,ONT,typhi,91.478,4.1,strong,-,-,-,-,1 (1; 0/172); 2 (1; 0/171); 3 (1; 0/230); 4 (1; 134/0); 4.1 (1; 180/0),S,S,S,S,S,S,S,S,S,0,0,0,0,0,0,0,0,0,0,0,0,0,0,0,0,0,0,0,0,0,0,0,0,0,0,0,0,0,0,0,0,0,0,0,0,0,0,0,0,0,0,0,0,0,0,0,0,0,0,0,0,0,0,0,Illumina
SRR17283786,PRJNA319593,SRR17299246,PRJNA319593,SAMN24255019,SAMN24255019,AUSMDU00036192,2019,Samoa,Yes,36094088,SAM,"NA",R9.4.1,GridION,guppy 4.2.3 with default parameters,"Read quality control was performed using fastp v0.20.1, Porechop v0.2.4, and Filtlong v0.2.0. Trycycler v.0.3.0 was used to create circular consensus assemblies using a subsampled long-read set assembled by Flye v2.8.3, miniasm/Minipolish v0.3/v0.1.2 and Raven v1.5.0. Final assemblies were polished using the full long-read set with Medaka v1.0.3 and with the short-read set using Pilon v1.23.",533.53,typhi,95.252,3.5.4.3,strong,-,-,-,-,1 (1; 0/127); 2 (1; 0/205); 3 (1; 0/201); 3.5 (1; 401/8); 3.5.4 (1; 236/2); 3.5.4.3 (1; 292/6),S,S,S,S,S,S,S,S,S,0,0,0,0,0,0,0,0,0,1,0,0,0,0,0,0,0,0,0,0,0,0,0,0,0,0,0,0,0,0,0,0,0,0,0,0,0,0,0,0,0,0,0,0,0,0,0,0,0,0,0,0,0,0,0,ONT,typhi,91.517,3.5.4.3,strong,-,-,-,-,1 (1; 0/136); 2 (1; 0/139); 3 (1; 0/210); 3.5 (1; 141/0); 3.5.4 (1; 102/0); 3.5.4.3 (1; 158/0),S,S,S,S,S,S,S,S,S,0,0,0,0,0,0,0,0,0,1,0,0,0,0,0,0,0,0,0,0,0,0,0,0,0,0,0,0,0,0,0,0,0,0,0,0,0,0,0,0,0,0,0,0,0,0,0,0,0,0,0,0,0,0,0,Illumina
SRR17283675,PRJNA319593,SRR17299236,PRJNA319593,SAMN24255077,SAMN24255077,AUSMDU00049314,2019,Samoa,Yes,36094088,SAM,"NA",R9.4.1,GridION,guppy 4.2.3 with default parameters,"Read quality control was performed using fastp v0.20.1, Porechop v0.2.4, and Filtlong v0.2.0. Trycycler v.0.3.0 was used to create circular consensus assemblies using a subsampled long-read set assembled by Flye v2.8.3, miniasm/Minipolish v0.3/v0.1.2 and Raven v1.5.0. Final assemblies were polished using the full long-read set with Medaka v1.0.3 and with the short-read set using Pilon v1.23.",603.74,typhi,95.233,3.5.4.2,strong,-,-,-,-,1 (1; 0/162); 2 (1; 0/233); 3 (1; 0/204); 3.5 (1; 467/4); 3.5.4 (1; 299/1); 3.5.4.2 (1; 248/4),S,S,S,S,S,S,S,S,S,0,0,0,0,0,0,0,0,0,0,0,0,0,0,0,0,0,0,0,0,0,0,0,0,0,0,0,0,0,0,0,0,0,0,0,0,0,0,0,0,0,0,0,0,0,0,0,0,0,0,0,0,0,0,0,ONT,typhi,91.533,3.5.4.2,strong,-,-,-,-,1 (1; 0/253); 2 (1; 0/233); 3 (1; 0/384); 3.5 (1; 267/0); 3.5.4 (1; 206/0); 3.5.4.2 (1; 209/0),S,S,S,S,S,S,S,S,S,0,0,0,0,0,0,0,0,0,0,0,0,0,0,0,0,0,0,0,0,0,0,0,0,0,0,0,0,0,0,0,0,0,0,0,0,0,0,0,0,0,0,0,0,0,0,0,0,0,0,0,0,0,0,0,Illumina
SRR17283631,PRJNA319593,SRR17299235,PRJNA319593,SAMN24255088,SAMN24255088,AUSMDU00049496,2020,Samoa,Yes,36094088,SAM,"NA",R9.4.1,GridION,guppy 4.2.3 with default parameters,"Read quality control was performed using fastp v0.20.1, Porechop v0.2.4, and Filtlong v0.2.0. Trycycler v.0.3.0 was used to create circular consensus assemblies using a subsampled long-read set assembled by Flye v2.8.3, miniasm/Minipolish v0.3/v0.1.2 and Raven v1.5.0. Final assemblies were polished using the full long-read set with Medaka v1.0.3 and with the short-read set using Pilon v1.23.",514.79,typhi,95.2,3.5.4.2,strong,-,-,-,-,1 (1; 0/149); 2 (1; 0/184); 3 (1; 0/203); 3.5 (1; 361/7); 3.5.4 (1; 239/3); 3.5.4.2 (1; 211/3),S,S,S,S,S,S,S,S,S,0,0,0,0,0,0,0,0,0,1,0,0,0,0,0,0,0,0,0,0,0,0,0,0,0,0,0,0,0,0,0,0,0,0,0,0,0,0,0,0,0,0,0,0,0,0,0,0,0,0,0,0,0,0,0,ONT,typhi,91.546,3.5.4.2,strong,-,-,-,-,1 (1; 0/183); 2 (1; 0/186); 3 (1; 0/253); 3.5 (1; 165/0); 3.5.4 (1; 150/0); 3.5.4.2 (1; 146/0),S,S,S,S,S,S,S,S,S,0,0,0,0,0,0,0,0,0,1,0,0,0,0,0,0,0,0,0,0,0,0,0,0,0,0,0,0,0,0,0,0,0,0,0,0,0,0,0,0,0,0,0,0,0,0,0,0,0,0,0,0,0,0,0,Illumina
SRR17283682,PRJNA319593,SRR17299238,PRJNA319593,SAMN24255070,SAMN24255070,AUSMDU00049305,2020,Samoa,Yes,36094088,SAM,"NA",R9.4.1,GridION,guppy 4.2.3 with default parameters,"Read quality control was performed using fastp v0.20.1, Porechop v0.2.4, and Filtlong v0.2.0. Trycycler v.0.3.0 was used to create circular consensus assemblies using a subsampled long-read set assembled by Flye v2.8.3, miniasm/Minipolish v0.3/v0.1.2 and Raven v1.5.0. Final assemblies were polished using the full long-read set with Medaka v1.0.3 and with the short-read set using Pilon v1.23.",175.96,typhi,94.954,3.5.4.1,strong,-,-,-,-,1 (1; 0/44); 2 (1; 0/71); 3 (1; 0/71); 3.5 (1; 151/1); 3.5.4 (1; 103/1); 3.5.4.1 (1; 125/13),S,S,S,S,S,S,S,S,S,0,0,0,0,0,0,0,0,0,0,0,0,0,0,0,0,0,0,0,0,0,0,0,0,0,0,0,0,0,0,0,0,0,0,0,0,0,0,0,0,0,0,0,0,0,0,0,0,0,0,0,0,0,0,0,ONT,typhi,91.504,3.5.4.1,strong,-,-,-,-,1 (1; 0/216); 2 (1; 0/210); 3 (1; 0/303); 3.5 (1; 208/0); 3.5.4 (1; 186/0); 3.5.4.1 (1; 329/0),S,S,S,S,S,S,S,S,S,0,0,0,0,0,0,0,0,0,0,0,0,0,0,0,0,0,0,0,0,0,0,0,0,0,0,0,0,0,0,0,0,0,0,0,0,0,0,0,0,0,0,0,0,0,0,0,0,0,0,0,0,0,0,0,Illumina
SRR17283686,PRJNA319593,SRR17299239,PRJNA319593,SAMN24255067,SAMN24255067,AUSMDU00049302,2020,Samoa,Yes,36094088,SAM,"NA",R9.4.1,GridION,guppy 4.2.3 with default parameters,"Read quality control was performed using fastp v0.20.1, Porechop v0.2.4, and Filtlong v0.2.0. Trycycler v.0.3.0 was used to create circular consensus assemblies using a subsampled long-read set assembled by Flye v2.8.3, miniasm/Minipolish v0.3/v0.1.2 and Raven v1.5.0. Final assemblies were polished using the full long-read set with Medaka v1.0.3 and with the short-read set using Pilon v1.23.",315.02,typhi,95.029,3.5.4.3,strong,-,-,-,-,1 (1; 0/99); 2 (1; 0/131); 3 (1; 2/119); 3.5 (1; 233/5); 3.5.4 (1; 168/2); 3.5.4.3 (1; 157/1),S,S,S,S,S,S,S,S,S,0,0,0,0,0,0,0,0,0,0,0,0,0,0,0,0,0,0,0,0,0,0,0,0,0,0,0,0,0,0,0,0,0,0,0,0,0,0,0,0,0,0,0,0,0,0,0,0,0,0,0,0,0,0,0,ONT,typhi,91.99,3.5.4.3,strong,-,-,-,-,1 (1; 0/206); 2 (1; 0/207); 3 (1; 0/342); 3.5 (1; 203/0); 3.5.4 (1; 200/0); 3.5.4.3 (1; 229/0),S,S,S,S,S,S,S,S,S,0,0,0,0,0,0,0,0,0,0,0,0,0,0,0,0,0,0,0,0,0,0,0,0,0,0,0,0,0,0,0,0,0,0,0,0,0,0,0,0,0,0,0,0,0,0,0,0,0,0,0,0,0,0,0,Illumina
SRR14864609,PRJNA319593,pending,pending,SAMN19777999,pending,DMG2211389,2020,Australia,Yes,34543095,MDU,"NA",R10.4.1,GridION,sup@v3.5.1,"NA",45.29,typhi,95.143,4.3.1.2,strong,-,-,-,-,1 (1; 2/25); 2 (1; 0/22); 3 (1; 6/29); 4 (1; 27/4); 4.3.1 (1; 30/1); 4.3.1.2 (1; 37/6),S,S,R: blaSHV-12,I: gyrA_S83Y,S,S,S,S,S,0,0,0,0,0,1,0,0,0,0,0,0,0,1,0,0,0,0,0,1,0,0,0,0,0,0,0,0,0,0,0,0,0,0,0,0,1,0,0,0,0,0,0,0,0,0,0,0,0,0,0,0,0,0,0,ONT,typhi,91.527,4.3.1.2,strong,-,-,-,-,1 (1; 0/117); 2 (1; 0/111); 3 (1; 0/188); 4 (1; 84/0); 4.3.1 (1; 129/0); 4.3.1.2 (1; 141/0),S,S,R: blaSHV-12,I: gyrA_S83Y,S,S,S,S,S,0,0,0,0,0,1,0,0,0,0,0,0,0,1,0,0,0,0,0,1,0,0,0,0,0,0,0,0,0,0,0,0,0,0,0,0,1,0,0,0,0,0,0,0,0,0,0,0,0,0,0,0,0,0,0,Illumina
SRR14864601,PRJNA319593,pending,pending,SAMN19777909,pending,DMG2211390,2018,Australia,Yes,34543095,MDU,"NA",R10.4.1,GridION,sup@v3.5.1,"NA",33.07,typhi,95.065,2.1,strong,-,-,-,-,1 (1; 4/14); 2 (1; 2/18); 2.1 (1; 16/4),S,S,S,S,S,S,S,S,S,0,0,0,0,0,0,0,0,0,0,0,0,0,0,0,0,0,0,0,0,0,0,0,0,0,0,0,0,0,0,0,0,0,0,0,0,0,0,0,0,0,0,0,0,0,0,0,0,0,0,0,0,0,0,0,ONT,typhi,91.732,2.1,strong,-,-,-,-,1 (1; 0/83); 2 (1; 0/109); 2.1 (1; 84/0),S,S,S,S,S,S,S,S,S,0,0,0,0,0,0,0,0,0,0,0,0,0,0,0,0,0,0,0,0,0,0,0,0,0,0,0,0,0,0,0,0,0,0,0,0,0,0,0,0,0,0,0,0,0,0,0,0,0,0,0,0,0,0,0,Illumina
SRR14864551,PRJNA319593,pending,pending,SAMN19777954,pending,DMG2211391,2019,Australia,Yes,34543095,MDU,"NA",R10.4.1,GridION,sup@v3.5.1,"NA",35.83,typhi,95.178,3.1,strong,-,-,-,-,1 (1; 0/28); 2 (1; 0/26); 3 (1; 2/23); 3.1 (1; 20/4),S,S,S,I: gyrA_S83Y,S,S,S,S,S,0,0,0,0,0,0,0,0,0,0,0,0,0,1,0,0,0,0,0,1,0,0,0,0,0,0,0,0,0,0,0,0,0,0,0,0,0,0,0,0,0,0,0,0,0,0,0,0,0,0,0,0,0,0,0,ONT,typhi,91.722,3.1,strong,-,-,-,-,1 (1; 0/97); 2 (1; 0/96); 3 (1; 0/131); 3.1 (1; 129/0),S,S,S,I: gyrA_S83Y,S,S,S,S,S,0,0,0,0,0,0,0,0,0,0,0,0,0,1,0,0,0,0,0,1,0,0,0,0,0,0,0,0,0,0,0,0,0,0,0,0,0,0,0,0,0,0,0,0,0,0,0,0,0,0,0,0,0,0,0,Illumina
SRR14864589,PRJNA319593,pending,pending,SAMN19777919,pending,DMG2211392,2019,Australia,Yes,34543095,MDU,"NA",R10.4.1,GridION,sup@v3.5.1,"NA",47.63,typhi,95.105,0.0.2,strong,-,-,-,-,0.0.2 (1; 32/5),S,S,S,S,S,S,S,S,S,0,0,0,0,0,0,0,0,0,0,0,0,0,0,0,0,0,0,0,0,0,0,0,0,0,0,0,0,0,0,0,0,0,0,0,0,0,0,0,0,0,0,0,0,0,0,0,0,0,0,0,0,0,0,0,ONT,typhi,91.697,0.0.2,strong,-,-,-,-,0.0.2 (1; 69/0),S,S,S,S,S,S,S,S,S,0,0,0,0,0,0,0,0,0,0,0,0,0,0,0,0,0,0,0,0,0,0,0,0,0,0,0,0,0,0,0,0,0,0,0,0,0,0,0,0,0,0,0,0,0,0,0,0,0,0,0,0,0,0,0,Illumina
SRR14864570,PRJNA319593,pending,pending,SAMN19777935,pending,DMG2211393,2019,Australia,Yes,34543095,MDU,"NA",R10.4.1,GridION,sup@v3.5.1,"NA",39.09,typhi,95.088,2.2.2,strong,-,-,-,-,1 (1; 1/29); 2 (1; 0/16); 2.2 (1; 29/3); 2.2.2 (1; 37/1),S,S,S,I: gyrA_S83F,S,S,S,S,S,0,0,0,0,0,0,0,0,0,0,0,0,0,1,0,0,0,0,1,0,0,0,0,0,0,0,0,0,0,0,0,0,0,0,0,0,0,0,0,0,0,0,0,0,0,0,0,0,0,0,0,0,0,0,0,ONT,typhi,91.697,2.2.2,strong,-,-,-,-,1 (1; 0/96); 2 (1; 0/95); 2.2 (1; 163/0); 2.2.2 (1; 148/0),S,S,S,I: gyrA_S83F,S,S,S,S,S,0,0,0,0,0,0,0,0,0,1,0,0,0,1,0,0,0,0,1,0,0,0,0,0,0,0,0,0,0,0,0,0,0,0,0,0,0,0,0,0,0,0,0,0,0,0,0,0,0,0,0,0,0,0,0,Illumina
SRR14864604,PRJNA319593,pending,pending,SAMN19777906,pending,DMG2211394,2018,Australia,Yes,34543095,MDU,"NA",R10.4.1,GridION,sup@v3.5.1,"NA",92.19,typhi,95.048,3.3.1,strong,-,-,-,-,1 (1; 3/51); 2 (1; 1/55); 3 (1; 4/64); 3.3 (1; 80/6); 3.3.1 (1; 52/7),S,S,S,I: gyrA_S83F,S,S,S,S,S,0,0,0,0,0,0,0,0,0,0,0,0,0,1,0,0,0,0,1,0,0,0,0,0,0,0,0,0,0,0,0,0,0,0,0,0,0,0,0,0,0,0,0,0,0,0,0,0,0,0,0,0,0,0,0,ONT,typhi,91.699,3.3.1,strong,-,-,-,-,1 (1; 0/103); 2 (1; 0/70); 3 (1; 0/131); 3.3 (1; 119/0); 3.3.1 (1; 73/0),S,S,S,I: gyrA_S83F,S,S,S,S,S,0,0,0,0,0,0,0,0,0,0,0,0,0,1,0,0,0,0,1,0,0,0,0,0,0,0,0,0,0,0,0,0,0,0,0,0,0,0,0,0,0,0,0,0,0,0,0,0,0,0,0,0,0,0,0,Illumina
SRR14864561,PRJNA319593,pending,pending,SAMN19777945,pending,DMG2211395,2019,Australia,Yes,34543095,MDU,"NA",R10.4.1,GridION,sup@v3.5.1,"NA",31.95,typhi,95.02,4.3.1,strong,-,-,-,-,1 (1; 1/12); 2 (1; 0/25); 3 (1; 0/16); 4 (1; 25/1); 4.3.1 (1; 54/4),S,S,S,I: gyrA_D87N,S,S,S,S,S,0,0,0,0,0,0,0,0,0,0,0,0,0,1,0,0,0,0,0,0,0,1,0,0,0,0,0,0,0,0,0,0,0,0,0,0,0,0,0,0,0,0,0,0,0,0,0,0,0,0,0,0,0,0,0,ONT,typhi,91.48,4.3.1,strong,-,-,-,-,1 (1; 0/65); 2 (1; 0/61); 3 (1; 0/96); 4 (1; 64/0); 4.3.1 (1; 78/0),S,S,S,I: gyrA_D87N,S,S,S,S,S,0,0,0,0,0,0,0,0,0,0,0,0,0,1,0,0,0,0,0,0,0,1,0,0,0,0,0,0,0,0,0,0,0,0,0,0,0,0,0,0,0,0,0,0,0,0,0,0,0,0,0,0,0,0,0,Illumina
SRR14864532,PRJNA319593,pending,pending,SAMN19777968,pending,DMG2211396,2019,Australia,Yes,34543095,MDU,"NA",R10.4.1,GridION,sup@v3.5.1,"NA",87.12,typhi,95.063,2.5,strong,-,-,-,-,1 (1; 0/58); 2 (1; 4/32); 2.5 (1; 74/4),S,S,S,I: gyrA_S83F,S,S,S,S,S,0,0,0,0,0,0,0,0,0,0,0,0,0,1,0,0,0,0,1,0,0,0,0,0,0,0,0,0,0,0,0,0,0,0,0,0,0,0,0,0,0,0,0,0,0,0,0,0,0,0,0,0,0,0,0,ONT,typhi,91.701,2.5,strong,-,-,-,-,1 (1; 0/85); 2 (1; 0/87); 2.5 (1; 69/0),S,S,S,I: gyrA_S83F,S,S,S,S,S,0,0,0,0,0,0,0,0,0,1,0,0,0,1,0,0,0,0,1,0,0,0,0,0,0,0,0,0,0,0,0,0,0,0,0,0,0,0,0,0,0,0,0,0,0,0,0,0,0,0,0,0,0,0,0,Illumina
SRR14864536,PRJNA319593,pending,pending,SAMN19777965,pending,DMG2211397,2019,Australia,Yes,34543095,MDU,"NA",R10.4.1,GridION,sup@v3.5.1,"NA",60.13,typhi,94.688,4.1,strong,-,-,-,-,1 (1; 3/54); 2 (1; 0/45); 3 (1; 4/42); 4 (1; 40/0); 4.1 (1; 38/3),S,S,S,I: gyrA_S83F,S,S,S,S,S,0,0,0,0,0,0,0,0,0,0,0,0,0,1,0,0,0,0,1,0,0,0,0,0,0,0,0,0,0,0,0,0,0,0,0,0,0,0,0,0,0,0,0,0,0,0,0,0,0,0,0,0,0,0,0,ONT,typhi,91.484,4.1,strong,-,-,-,-,1 (1; 0/114); 2 (1; 0/107); 3 (1; 0/203); 4 (1; 89/0); 4.1 (1; 134/0),S,S,S,I: gyrA_S83F,S,S,S,S,S,0,0,0,0,0,0,0,0,0,0,0,0,0,1,0,0,0,0,1,0,0,0,0,0,0,0,0,0,0,0,0,0,0,0,0,0,0,0,0,0,0,0,0,0,0,0,0,0,0,0,0,0,0,0,0,Illumina
ERR352277,ERP001718,pending,pending,SAMEA2145564,pending,DMG2211398,2011,Australia,Yes,25961941,MDU,"NA",R10.4.1,GridION,sup@v3.5.1,"NA",61.92,typhi,95.033,4.3.1.3.Bdq,strong,-,-,-,-,1 (1; 1/42); 2 (1; 1/42); 3 (1; 1/24); 4 (1; 48/8); 4.3.1 (1; 39/5); 4.3.1.3 (1; 25/2); 4.3.1.3.Bdq (1; 46/4),R: blaTEM-1D,S,S,I: gyrA_S83Y,S,R: sul2,S,S,S,0,0,0,0,0,0,0,0,0,0,1,0,0,1,0,0,0,0,0,1,0,0,0,0,0,0,0,0,0,0,0,1,0,0,0,0,0,0,0,0,0,0,0,1,0,0,0,0,0,0,0,0,0,0,0,ONT,typhi,91.478,4.3.1.3.Bdq,strong,-,-,-,-,1 (1; 0/46); 2 (1; 0/33); 3 (1; 0/44); 4 (1; 53/0); 4.3.1 (1; 42/0); 4.3.1.3 (1; 42/0); 4.3.1.3.Bdq (1; 45/0),R: blaTEM-1D,S,S,R: gyrA_S83Y;qnrS1,S,R: sul2,S,S,S,0,0,0,0,0,0,0,0,0,0,1,0,0,1,0,0,0,0,0,1,0,0,0,0,0,0,0,0,0,0,0,1,0,0,0,0,0,1,0,0,0,0,0,1,0,0,0,0,0,0,0,0,0,0,0,Illumina
ERR357443,ERP001718,pending,pending,SAMEA2159341,pending,DMG2211399,2012,Australia,Yes,25961941,MDU,"NA",R10.4.1,GridION,sup@v3.5.1,"NA",116.79,typhi,95.153,3.0.2,strong,-,-,-,-,1 (1; 1/71); 2 (1; 5/73); 3 (1; 1/72); 3.0.2 (1; 69/6),S,S,S,I: gyrA_D87G,S,S,S,S,S,0,0,0,0,0,0,0,0,0,0,0,0,0,1,0,0,0,0,0,0,1,0,0,0,0,0,0,0,0,0,0,0,0,0,0,0,0,0,0,0,0,0,0,0,0,0,0,0,0,0,0,0,0,0,0,ONT,typhi,91.901,3.0.2,strong,-,-,-,-,1 (1; 0/63); 2 (1; 0/53); 3 (1; 0/48); 3.0.2 (1; 55/0),S,S,S,I: gyrA_D87G,S,S,S,S,S,0,0,0,0,0,0,0,0,0,0,0,0,0,1,0,0,0,0,0,0,1,0,0,0,0,0,0,0,0,0,0,0,0,0,0,0,0,0,0,0,0,0,0,0,0,0,0,0,0,0,0,0,0,0,0,Illumina
ERR352453,ERP001718,pending,pending,SAMEA2151192,pending,DMG2211400,2011,Australia,Yes,25961941,MDU,"NA",R10.4.1,GridION,sup@v3.5.1,"NA",56.34,typhi,94.866,1.1.4,strong,-,-,-,-,1 (1; 1/29); 1.1 (1; 40/3); 1.1.4 (1; 32/2),S,S,S,S,S,S,S,S,S,0,0,0,0,0,0,0,0,0,0,0,0,0,0,0,0,0,0,0,0,0,0,0,0,0,0,0,0,0,0,0,0,0,0,0,0,0,0,0,0,0,0,0,0,0,0,0,0,0,0,0,0,0,0,0,ONT,typhi,90.749,1.1.4,strong,-,-,-,-,1 (1; 0/59); 1.1 (1; 59/0); 1.1.4 (1; 61/0),S,S,S,S,S,S,S,S,S,0,0,0,0,0,0,0,0,0,0,0,0,0,0,0,0,0,0,0,0,0,0,0,0,0,0,0,0,0,0,0,0,0,0,0,0,0,0,0,0,0,0,0,0,0,0,0,0,0,0,0,0,0,0,0,Illumina
ERR357456,PRJEB3215,ERR11177478,PRJEB3215,SAMEA1964467,SAMEA1964467,MDUST305,1990,Papua New Guinea,Yes,35344544,MDU,NA,R9.4,MinION,ONT’s Albacore command line tool (v1.1.2),"Albacore was run with barcode demultiplexing and fastq output. Adapter sequences were then trimmed from the reads using Porechop (v0.2.1, https://github.com/rrwick/Porechop). To reduce the risk of cross-barcode contamination, Porechop was run with barcode demultiplexing and only reads for which Albacore and Porechop agreed on the barcode bin were kept",82.24,typhi,87.017,2.1.7.1,strong,-,-,-,-,1 (1; 0/8); 2 (1; 0/0); 2.1 (1; 17/0); 2.1.7 (1; 17/0); 2.1.7.1 (1; 19/0),S,S,S,S,S,S,S,S,S,0,0,0,0,0,0,0,0,0,0,0,0,0,0,0,0,0,0,0,0,0,0,0,0,0,0,0,0,0,0,0,0,0,0,0,0,0,0,0,0,0,0,0,0,0,0,0,0,0,0,0,0,0,0,0,ONT,typhi,91.697,2.1.7.1,strong,-,-,-,-,1 (1; 0/60); 2 (1; 0/54); 2.1 (1; 58/0); 2.1.7 (1; 55/0); 2.1.7.1 (1; 49/0),S,S,S,S,S,S,S,S,S,0,0,0,0,0,0,0,0,0,0,0,0,0,0,0,0,0,0,0,0,0,0,0,0,0,0,0,0,0,0,0,0,0,0,0,0,0,0,0,0,0,0,0,0,0,0,0,0,0,0,0,0,0,0,0,Illumina
ERR352500,PRJEB3215,ERR11177477,PRJEB3215,SAMEA2158835,SAMEA2158835,MDUST348,1985,Papua New Guinea,Yes,35344544,MDU,NA,R9.4,MinION,ONT’s Albacore command line tool (v1.1.2),"Albacore was run with barcode demultiplexing and fastq output. Adapter sequences were then trimmed from the reads using Porechop (v0.2.1, https://github.com/rrwick/Porechop). To reduce the risk of cross-barcode contamination, Porechop was run with barcode demultiplexing and only reads for which Albacore and Porechop agreed on the barcode bin were kept",90.28,typhi,88.195,2.1.7,strong,-,-,-,-,1 (1; 0/4); 2 (1; 0/1); 2.1 (1; 13/0); 2.1.7 (1; 14/0),S,S,S,S,S,S,S,S,S,0,0,0,0,0,0,0,0,0,0,0,0,0,0,0,0,0,0,0,0,0,0,0,0,0,0,0,0,0,0,0,0,0,0,0,0,0,0,0,0,0,0,0,0,0,0,0,0,0,0,0,0,0,0,0,ONT,typhi,91.697,2.1.7.2,strong,-,-,-,-,1 (1; 0/50); 2 (1; 0/65); 2.1 (1; 47/0); 2.1.7 (1; 58/0); 2.1.7.2 (1; 64/0),S,S,S,S,S,S,S,S,S,0,0,0,0,0,0,0,0,0,0,0,0,0,0,0,0,0,0,0,0,0,0,0,0,0,0,0,0,0,0,0,0,0,0,0,0,0,0,0,0,0,0,0,0,0,0,0,0,0,0,0,0,0,0,0,Illumina
ERR352300,PRJEB3215,ERR11177476,PRJEB3215,SAMEA2145578,SAMEA2145578,MDUST255,2010,Papua New Guinea,Yes,35344544,MDU,NA,R9.4,MinION,ONT’s Albacore command line tool (v1.1.2),"Albacore was run with barcode demultiplexing and fastq output. Adapter sequences were then trimmed from the reads using Porechop (v0.2.1, https://github.com/rrwick/Porechop). To reduce the risk of cross-barcode contamination, Porechop was run with barcode demultiplexing and only reads for which Albacore and Porechop agreed on the barcode bin were kept",88.86,typhi,87.972,2.1.7.1,strong,-,-,-,-,1 (1; 0/11); 2 (1; 0/0); 2.1 (1; 15/0); 2.1.7 (1; 15/0); 2.1.7.1 (1; 24/0),S,S,S,S,S,S,S,S,S,0,0,0,0,0,0,0,0,0,0,0,0,0,0,0,0,0,0,0,0,0,0,0,0,0,0,0,0,0,0,0,0,0,0,0,0,0,0,0,0,0,0,0,0,0,0,0,0,0,0,0,0,0,0,0,ONT,typhi,91.71,2.1.7.1,strong,-,-,-,-,1 (1; 0/28); 2 (1; 0/46); 2.1 (1; 23/0); 2.1.7 (1; 52/0); 2.1.7.1 (1; 50/0),S,S,S,S,S,S,S,S,S,0,0,0,0,0,0,0,0,0,0,0,0,0,0,0,0,0,0,0,0,0,0,0,0,0,0,0,0,0,0,0,0,0,0,0,0,0,0,0,0,0,0,0,0,0,0,0,0,0,0,0,0,0,0,0,Illumina
SRR4256114,PRJNA230403,pending,pending,SAMN05776225,pending,2016AM-3315,2016,United States,No,NA,CDC,NA,ToConfirm,ToConfirm,ToConfirm,ToConfirm,212.27,typhi,91.753,0.0.1,strong,-,-,-,-,0.0.1 (1; 195/0),S,S,S,S,S,S,S,S,S,0,0,0,0,0,0,0,0,0,0,0,0,0,0,0,0,0,0,0,0,0,0,0,0,0,0,0,0,0,0,0,0,0,0,0,0,0,0,0,0,0,0,0,0,0,0,0,0,0,0,0,0,0,0,0,ONT,typhi,91.723,0.0.1,strong,-,-,-,-,0.0.1 (1; 100/0),S,S,S,S,S,S,S,S,S,0,0,0,0,0,0,0,0,0,0,0,0,0,0,0,0,0,0,0,0,0,0,0,0,0,0,0,0,0,0,0,0,0,0,0,0,0,0,0,0,0,0,0,0,0,0,0,0,0,0,0,0,0,0,0,Illumina
SRR7348373,PRJNA230403,pending,pending,SAMN09430701,pending,PNUSAS041244,2018,United States,Yes,NA,CDC,NA,ToConfirm,ToConfirm,ToConfirm,ToConfirm,73.03,typhi,91.711,0.0.3,strong,-,-,-,-,0.0.3 (1; 71/0),S,S,S,I: gyrA_D87G,S,S,S,S,S,0,0,0,0,0,0,0,0,0,0,0,0,0,1,0,0,0,0,0,0,1,0,0,0,0,0,0,0,0,0,0,0,0,0,0,0,0,0,0,0,0,0,0,0,0,0,0,0,0,0,0,0,0,0,0,ONT,typhi,91.738,0.0.3,strong,-,-,-,-,0.0.3 (1; 103/0),S,S,S,I: gyrA_D87G,S,S,S,S,S,0,0,0,0,0,0,0,0,0,0,0,0,0,1,0,0,0,0,0,0,1,0,0,0,0,0,0,0,0,0,0,0,0,0,0,0,0,0,0,0,0,0,0,0,0,0,0,0,0,0,0,0,0,0,0,Illumina
SRR5812078,PRJNA230403,pending,pending,SAMN07274005,pending,PNUSAS016467,2017,United States,Yes,NA,CDC,NA,ToConfirm,ToConfirm,ToConfirm,ToConfirm,69.25,typhi,90.802,1.1,strong,-,-,-,-,1 (1; 0/43); 1.1 (1; 62/0),S,S,S,I: gyrA_D87N,S,S,S,S,S,0,0,0,0,0,0,0,0,0,0,0,0,0,1,0,0,0,0,0,0,0,1,0,0,0,0,0,0,0,0,0,0,0,0,0,0,0,0,0,0,0,0,0,0,0,0,0,0,0,0,0,0,0,0,0,ONT,typhi,90.886,1.1,strong,-,-,-,-,1 (1; 0/69); 1.1 (1; 86/0),S,S,S,I: gyrA_D87N,S,S,S,S,S,0,0,0,0,0,0,0,0,0,0,0,0,0,1,0,0,0,0,0,0,0,1,0,0,0,0,0,0,0,0,0,0,0,0,0,0,0,0,0,0,0,0,0,0,0,0,0,0,0,0,0,0,0,0,0,Illumina
SRR10728930,PRJNA230403,pending,pending,SAMN13624270,pending,2016AM-0658,2016,United States,Yes,NA,CDC,NA,ToConfirm,ToConfirm,ToConfirm,ToConfirm,98.97,typhi,91.738,2.0.2,strong,-,-,-,-,1 (1; 0/76); 2 (1; 0/77); 2.0.2 (1; 91/0),S,S,S,I: gyrA_S83F,S,S,S,S,S,0,0,0,0,0,0,0,0,0,0,0,0,0,1,0,0,0,0,1,0,0,0,0,0,0,0,0,0,0,0,0,0,0,0,0,0,0,0,0,0,0,0,0,0,0,0,0,0,0,0,0,0,0,0,0,ONT,typhi,91.737,2.0.2,strong,-,-,-,-,1 (1; 0/111); 2 (1; 0/115); 2.0.2 (1; 126/0),S,S,S,I: gyrA_S83F,S,S,S,S,S,0,0,0,0,0,0,0,0,0,0,0,0,0,1,0,0,0,0,1,0,0,0,0,0,0,0,0,0,0,0,0,0,0,0,0,0,0,0,0,0,0,0,0,0,0,0,0,0,0,0,0,0,0,0,0,Illumina
SRR10674037,PRJNA230403,pending,pending,SAMN13545800,pending,2016AM-1778,2016,United States,Yes,NA,CDC,NA,ToConfirm,ToConfirm,ToConfirm,ToConfirm,292.58,typhi,91.763,2.2,strong,-,-,-,-,1 (1; 0/192); 2 (1; 0/163); 2.2 (1; 244/0),S,S,S,I: gyrA_S83F,S,S,S,S,S,0,0,0,0,0,0,0,0,0,0,0,0,0,1,0,0,0,0,1,0,0,0,0,0,0,0,0,0,0,0,0,0,0,0,0,0,0,0,0,0,0,0,0,0,0,0,0,0,0,0,0,0,0,0,0,ONT,typhi,94.821,2.2,strong,-,-,-,-,1 (1; 0/140); 2 (1; 0/238); 2.2 (1; 206/1),S,S,S,I: gyrA_S83F,S,S,S,S,S,0,0,0,0,0,0,0,0,0,0,0,0,0,1,0,0,0,0,1,0,0,0,0,0,0,0,0,0,0,0,0,0,0,0,0,0,0,0,0,0,0,0,0,0,0,0,0,0,0,0,0,0,0,0,0,Illumina
SRR5238253,PRJNA230403,pending,pending,SAMN06308723,pending,2016AM-3795_PNUSAS008309,2016,United States,No,NA,CDC,NA,ToConfirm,ToConfirm,ToConfirm,ToConfirm,107.09,typhi,91.745,2.2.2,strong,-,-,-,-,1 (1; 0/78); 2 (1; 0/84); 2.2 (1; 88/0); 2.2.2 (1; 89/0),S,S,S,S,S,S,S,S,S,0,0,0,0,0,0,0,0,0,0,0,0,0,0,0,0,0,0,0,0,0,0,0,0,0,0,0,0,0,0,0,0,0,0,0,0,0,0,0,0,0,0,0,0,0,0,0,0,0,0,0,0,0,0,0,ONT,typhi,91.711,2.2.2,strong,-,-,-,-,1 (1; 0/34); 2 (1; 0/41); 2.2 (1; 42/0); 2.2.2 (1; 51/0),S,S,S,S,S,S,S,S,S,0,0,0,0,0,0,0,0,0,0,0,0,0,0,0,0,0,0,0,0,0,0,0,0,0,0,0,0,0,0,0,0,0,0,0,0,0,0,0,0,0,0,0,0,0,0,0,0,0,0,0,0,0,0,0,Illumina
SRR10728945,PRJNA230403,pending,pending,SAMN13624344,pending,2016AM-1002,2016,United States,Yes,NA,CDC,NA,ToConfirm,ToConfirm,ToConfirm,ToConfirm,57.22,typhi,91.711,2.3.2,strong,-,-,-,-,1 (1; 0/45); 2 (1; 0/36); 2.2 (1; 50/0); 2.3 (1; 48/0); 2.3.2 (1; 23/1),S,S,S,I: gyrA_D87N,S,S,S,S,S,0,0,0,0,0,0,0,0,0,0,0,0,0,1,0,0,0,0,0,0,0,1,0,0,0,0,0,0,0,0,0,0,0,0,0,0,0,0,0,0,0,0,0,0,0,0,0,0,0,0,0,0,0,0,0,ONT,typhi,94.765,2.3.2,strong,-,-,-,-,1 (1; 0/179); 2 (1; 1/137); 2.2 (1; 213/1); 2.3 (1; 151/0); 2.3.2 (1; 97/0),S,S,S,I: gyrA_D87N,S,S,S,S,S,0,0,0,0,0,0,0,0,0,0,0,0,0,1,0,0,0,0,0,0,0,1,0,0,0,0,0,0,0,0,0,0,0,0,0,0,0,0,0,0,0,0,0,0,0,0,0,0,0,0,0,0,0,0,0,Illumina
SRR10843747,PRJNA230403,pending,pending,SAMN13747502,pending,2016AM-1138,2016,United States,Yes,NA,CDC,NA,ToConfirm,ToConfirm,ToConfirm,ToConfirm,79.07,typhi,91.708,3.1.1,strong,-,-,-,-,1 (1; 0/43); 2 (1; 0/42); 3 (1; 0/53); 3.1 (1; 58/0); 3.1.1 (1; 47/0),R: blaTEM-1D,S,S,I: gyrA_S83Y,S,R: sul2,R: dfrA14,R: dfrA14;sul2,R: tetA,0,0,0,0,1,0,0,0,0,0,0,0,0,1,0,0,0,0,0,1,0,0,0,0,0,0,0,0,0,0,0,1,0,0,0,0,0,0,0,0,0,0,0,1,0,0,0,1,0,0,0,1,0,0,0,ONT,typhi,91.776,3.1.1,strong,-,-,-,-,1 (1; 0/148); 2 (1; 2/153); 3 (1; 1/149); 3.1 (1; 160/0); 3.1.1 (1; 164/0),R: blaTEM-1D,S,S,I: gyrA_S83Y,S,R: sul2,R: dfrA14,R: dfrA14;sul2,R: tetA,0,0,0,0,1,0,0,0,0,0,0,0,0,1,0,0,0,0,0,1,0,0,0,0,0,0,0,0,0,0,0,1,0,0,0,0,0,0,0,0,0,0,0,1,0,0,0,1,0,0,0,1,0,0,0,Illumina
SRR10609607,PRJNA230403,pending,pending,SAMN13514229,pending,2016AM-2287,2016,United States,Yes,NA,CDC,NA,ToConfirm,ToConfirm,ToConfirm,ToConfirm,112.05,typhi,91.831,3.3,strong,-,-,-,-,1 (1; 0/65); 2 (1; 0/79); 3 (1; 1/70); 3.3 (1; 88/0),S,S,S,I: gyrA_S83F,S,S,S,S,S,0,0,0,0,0,0,0,0,0,0,0,0,0,1,0,0,0,0,1,0,0,0,0,0,0,0,0,0,0,0,0,0,0,0,0,0,0,0,0,0,0,0,0,0,0,0,0,0,0,0,0,0,0,0,0,ONT,typhi,91.722,3.3,strong,-,-,-,-,1 (1; 0/120); 2 (1; 0/117); 3 (1; 0/135); 3.3 (1; 113/2),S,S,S,I: gyrA_S83F,S,S,S,S,S,0,0,0,0,0,0,0,0,0,0,0,0,0,1,0,0,0,0,1,0,0,0,0,0,0,0,0,0,0,0,0,0,0,0,0,0,0,0,0,0,0,0,0,0,0,0,0,0,0,0,0,0,0,0,0,Illumina
SRR5828962,PRJNA230403,pending,pending,SAMN07338429,pending,2017AM-1073_PNUSAS015028,2017,United States,No,NA,CDC,NA,ToConfirm,ToConfirm,ToConfirm,ToConfirm,176.91,typhi,91.793,3.3.2.Bd2,strong,-,-,-,-,1 (1; 0/123); 2 (1; 0/138); 3 (1; 0/127); 3.3 (1; 170/0); 3.3.2 (1; 144/0); 3.3.2.Bd2 (1; 102/1),S,S,S,I: gyrA_D87N,S,S,S,S,S,0,0,0,0,0,0,0,0,0,1,0,0,0,1,0,0,0,0,0,0,0,1,0,0,0,0,0,0,0,0,0,0,0,0,0,0,0,0,0,0,0,0,0,0,0,0,0,0,0,0,0,0,0,0,0,ONT,typhi,91.697,3.3.2.Bd2,strong,-,-,-,-,1 (1; 0/79); 2 (1; 0/83); 3 (1; 0/100); 3.3 (1; 92/0); 3.3.2 (1; 65/0); 3.3.2.Bd2 (1; 71/0),S,S,S,I: gyrA_D87N,S,S,S,S,S,0,0,0,0,0,0,0,0,0,1,0,0,0,1,0,0,0,0,0,0,0,1,0,0,0,0,0,0,0,0,0,0,0,0,0,0,0,0,0,0,0,0,0,0,0,0,0,0,0,0,0,0,0,0,0,Illumina
SRR6029286,PRJNA230403,pending,pending,SAMN07604607,pending,PNUSAS022622,2017,United States,Yes,NA,CDC,NA,ToConfirm,ToConfirm,ToConfirm,ToConfirm,234.56,typhi,91.522,4.1,strong,-,-,-,-,1 (1; 0/180); 2 (1; 0/178); 3 (1; 0/163); 4 (1; 102/0); 4.1 (1; 162/0),S,S,S,S,S,S,S,S,S,0,0,0,0,0,0,0,0,0,0,0,0,0,0,0,0,0,0,0,0,0,0,0,0,0,0,0,0,0,0,0,0,0,0,0,0,0,0,0,0,0,0,0,0,0,0,0,0,0,0,0,0,0,0,0,ONT,typhi,91.48,4.1,strong,-,-,-,-,1 (1; 0/54); 2 (1; 0/74); 3 (1; 0/73); 4 (1; 69/0); 4.1 (1; 84/0),S,S,S,S,S,S,S,S,S,0,0,0,0,0,0,0,0,0,0,0,0,0,0,0,0,0,0,0,0,0,0,0,0,0,0,0,0,0,0,0,0,0,0,0,0,0,0,0,0,0,0,0,0,0,0,0,0,0,0,0,0,0,0,0,Illumina
ERR5161281,PRJEB14050,pending,pending,SAMEA5993351,pending,BZD2E5,2017,Malawi,Yes,NA,MLW,NA,ToConfirm,ToConfirm,ToConfirm,ToConfirm,232.02,typhi,92.044,4.3.1.1.EA1,strong,-,-,-,-,1 (1; 0/67); 2 (1; 1/93); 3 (1; 2/128); 4 (1; 88/0); 4.3.1 (1; 145/1); 4.3.1.1 (1; 82/1); 4.3.1.1.EA1 (1; 93/0),R: blaTEM-1D,S,S,I: gyrB_S464F,R: catA1,R: sul1;sul2,R: dfrA7,R: dfrA7;sul1;sul2,S,0,0,0,0,0,0,0,0,0,0,0,0,0,1,0,0,0,0,0,0,0,0,0,0,1,0,0,0,0,0,0,1,0,0,0,0,0,0,0,0,1,0,1,1,0,0,1,0,0,0,0,0,0,0,0,ONT,typhi,91.528,4.3.1.1.EA1,strong,-,-,-,-,1 (1; 0/74); 2 (1; 0/65); 3 (1; 0/71); 4 (1; 79/0); 4.3.1 (1; 92/0); 4.3.1.1 (1; 63/0); 4.3.1.1.EA1 (1; 92/0),R: blaTEM-1D,S,S,S,R: catA1,R: sul1;sul2,R: dfrA7,R: dfrA7;sul1;sul2,S,0,0,0,0,0,0,0,0,0,0,0,0,0,0,0,0,0,0,0,0,0,0,0,0,0,0,0,0,0,0,0,1,0,0,0,0,0,0,0,0,1,0,1,1,0,0,1,0,0,0,0,0,0,0,0,Illumina
ERR5161888,PRJEB14050,pending,pending,SAMEA5993964,pending,BZD2ZC,2017,Malawi,Yes,NA,MLW,NA,ToConfirm,ToConfirm,ToConfirm,ToConfirm,286.82,typhi,95.015,4.3.1.1.EA1,strong,-,-,-,-,1 (1; 0/98); 2 (1; 0/137); 3 (1; 1/167); 4 (1; 141/0); 4.3.1 (1; 140/1); 4.3.1.1 (1; 95/0); 4.3.1.1.EA1 (1; 131/1),R: blaTEM-1D,S,S,I: gyrB_S464F,R: catA1,R: sul1;sul2,R: dfrA7,R: dfrA7;sul1;sul2,S,0,0,0,0,0,0,0,0,0,0,0,0,0,1,0,0,0,0,0,0,0,0,0,0,1,0,0,0,0,0,0,1,0,0,0,0,0,0,0,0,1,0,1,1,0,0,1,0,0,0,0,0,0,0,0,ONT,typhi,91.503,4.3.1.1.EA1,strong,-,-,-,-,1 (1; 0/67); 2 (1; 0/78); 3 (1; 0/69); 4 (1; 51/1); 4.3.1 (1; 81/0); 4.3.1.1 (1; 62/0); 4.3.1.1.EA1 (1; 69/0),R: blaTEM-1D,S,S,S,R: catA1,R: sul1;sul2,R: dfrA7,R: dfrA7;sul1;sul2,S,0,0,0,0,0,0,0,0,0,0,0,0,0,0,0,0,0,0,0,0,0,0,0,0,0,0,0,0,0,0,0,1,0,0,0,0,0,0,0,0,1,0,1,1,0,0,1,0,0,0,0,0,0,0,0,Illumina
ERR5161749,PRJEB14050,pending,pending,SAMEA5993992,pending,BZD44J,2018,Malawi,Yes,NA,MLW,NA,ToConfirm,ToConfirm,ToConfirm,ToConfirm,286.82,typhi,95.04,4.3.1.1.EA1,strong,-,-,-,-,1 (1; 0/104); 2 (1; 0/134); 3 (1; 0/165); 4 (1; 141/0); 4.3.1 (1; 151/3); 4.3.1.1 (1; 99/0); 4.3.1.1.EA1 (1; 130/0),R: blaTEM-1D,S,S,S,R: catA1,R: sul1;sul2,R: dfrA7,R: dfrA7;sul1;sul2,S,0,0,0,0,0,0,0,0,0,0,0,0,0,0,0,0,0,0,0,0,0,0,0,0,0,0,0,0,0,0,0,1,0,0,0,0,0,0,0,0,1,0,1,1,0,0,1,0,0,0,0,0,0,0,0,ONT,typhi,91.503,4.3.1.1.EA1,strong,-,-,-,-,1 (1; 0/45); 2 (1; 0/47); 3 (1; 0/55); 4 (1; 52/0); 4.3.1 (1; 53/0); 4.3.1.1 (1; 52/0); 4.3.1.1.EA1 (1; 35/0),R: blaTEM-1D,S,S,S,R: catA1,R: sul1;sul2,R: dfrA7,R: dfrA7;sul1;sul2,S,0,0,0,0,0,0,0,0,0,0,0,0,0,0,0,0,0,0,0,0,0,0,0,0,0,0,0,0,0,0,0,1,0,0,0,0,0,0,0,0,1,0,1,1,0,0,1,0,0,0,0,0,0,0,0,Illumina
ERR5161540,PRJEB14050,pending,pending,SAMEA5993308,pending,BZD50K,2019,Malawi,Yes,NA,MLW,NA,ToConfirm,ToConfirm,ToConfirm,ToConfirm,214.86,typhi,94.982,4.3.1.1.EA1,strong,-,-,-,-,1 (1; 0/71); 2 (1; 0/97); 3 (1; 0/112); 4 (1; 97/0); 4.3.1 (1; 122/0); 4.3.1.1 (1; 74/0); 4.3.1.1.EA1 (1; 98/2),R: blaTEM-1D,S,S,S,R: catA1,R: sul1;sul2,R: dfrA7,R: dfrA7;sul1;sul2,S,0,0,0,0,0,0,0,0,0,0,0,0,0,0,0,0,0,0,0,0,0,0,0,0,0,0,0,0,0,0,0,1,0,0,0,0,0,0,0,0,1,0,1,1,0,0,1,0,0,0,0,0,0,0,0,ONT,typhi,91.562,4.3.1.1.EA1,strong,-,-,-,-,1 (1; 0/55); 2 (1; 1/54); 3 (1; 0/50); 4 (1; 40/0); 4.3.1 (1; 47/0); 4.3.1.1 (1; 50/0); 4.3.1.1.EA1 (1; 45/0),R: blaTEM-1D,S,S,I: gyrA_S83F,R: catA1,R: sul1;sul2,R: dfrA7,R: dfrA7;sul1;sul2,S,0,0,0,0,0,0,0,0,0,0,0,0,0,1,0,0,0,0,1,0,0,0,0,0,0,0,0,0,0,0,0,1,0,0,0,0,0,0,0,0,1,0,1,1,0,0,1,0,0,0,0,0,0,0,0,Illumina
ERR5161787,PRJEB14050,pending,pending,SAMEA5994007,pending,BZD5DD,2019,Malawi,Yes,NA,MLW,NA,ToConfirm,ToConfirm,ToConfirm,ToConfirm,443.06,typhi,95.093,4.3.1.1.EA1,strong,-,-,-,-,1 (1; 0/128); 2 (1; 0/198); 3 (1; 0/235); 4 (1; 203/0); 4.3.1 (1; 228/5); 4.3.1.1 (1; 179/0); 4.3.1.1.EA1 (1; 194/1),R: blaTEM-1D,S,S,I: gyrB_S464F,R: catA1,R: sul1;sul2,R: dfrA7,R: dfrA7;sul1;sul2,S,0,0,0,0,0,0,0,0,0,0,0,0,0,1,0,0,0,0,0,0,0,0,0,0,1,0,0,0,0,0,0,1,0,0,0,0,0,0,0,0,1,0,1,1,0,0,1,0,0,0,0,0,0,0,0,ONT,typhi,91.48,4.3.1.1.EA1,strong,-,-,-,-,1 (1; 0/55); 2 (1; 0/64); 3 (1; 0/66); 4 (1; 82/0); 4.3.1 (1; 61/0); 4.3.1.1 (1; 61/0); 4.3.1.1.EA1 (1; 66/2),R: blaTEM-1D,S,S,S,R: catA1,R: sul1;sul2,R: dfrA7,R: dfrA7;sul1;sul2,S,0,0,0,0,0,0,0,0,0,0,0,0,0,0,0,0,0,0,0,0,0,0,0,0,0,0,0,0,0,0,0,1,0,0,0,0,0,0,0,0,1,0,1,1,0,0,1,0,0,0,0,0,0,0,0,Illumina
ERR5161948,PRJEB14050,pending,pending,SAMEA5994014,pending,BZD5JZ,2019,Malawi,Yes,NA,MLW,NA,ToConfirm,ToConfirm,ToConfirm,ToConfirm,171.49,typhi,91.782,4.3.1.1.EA1,strong,-,-,-,-,1 (1; 0/54); 2 (1; 0/71); 3 (1; 0/84); 4 (1; 73/0); 4.3.1 (1; 97/0); 4.3.1.1 (1; 57/0); 4.3.1.1.EA1 (1; 70/0),R: blaTEM-1D,S,S,S,R: catA1,R: sul1;sul2,R: dfrA7,R: dfrA7;sul1;sul2,S,0,0,0,0,0,0,0,0,0,0,0,0,0,0,0,0,0,0,0,0,0,0,0,0,0,0,0,0,0,0,0,1,0,0,0,0,0,0,0,0,1,0,1,1,0,0,1,0,0,0,0,0,0,0,0,ONT,typhi,91.533,4.3.1.1.EA1,strong,-,-,-,-,1 (1; 0/47); 2 (1; 0/65); 3 (1; 0/49); 4 (1; 48/0); 4.3.1 (1; 62/0); 4.3.1.1 (1; 65/0); 4.3.1.1.EA1 (1; 73/0),R: blaTEM-1D,S,S,S,R: catA1,R: sul1;sul2,R: dfrA7,R: dfrA7;sul1;sul2,S,0,0,0,0,0,0,0,0,0,0,0,0,0,0,0,0,0,0,0,0,0,0,0,0,0,0,0,0,0,0,0,1,0,0,0,0,0,0,0,0,1,0,1,1,0,0,1,0,0,0,0,0,0,0,0,Illumina
ERR5635999,PRJEB14050,pending,pending,SAMEA6496696,pending,BZD62J,2019,Malawi,Yes,NA,MLW,NA,ToConfirm,ToConfirm,ToConfirm,ToConfirm,0.04,not typhi,0,NA,NA,NA,NA,NA,NA,NA,NA,NA,NA,NA,NA,NA,NA,S,NA,NA,NA,NA,NA,NA,NA,NA,NA,NA,NA,NA,NA,NA,0,NA,NA,NA,NA,NA,NA,NA,NA,NA,NA,NA,NA,NA,NA,NA,NA,NA,NA,NA,NA,NA,NA,NA,NA,NA,NA,NA,NA,NA,NA,NA,NA,NA,NA,NA,NA,NA,NA,NA,NA,NA,ONT,typhi,91.506,4.3.1.1.EA1,strong,-,-,-,-,1 (1; 0/47); 2 (1; 0/49); 3 (1; 0/48); 4 (1; 49/0); 4.3.1 (1; 45/0); 4.3.1.1 (1; 56/0); 4.3.1.1.EA1 (1; 53/0),R: blaTEM-1D,S,S,I: gyrB_S464F,R: catA1,R: sul1;sul2,R: dfrA7,R: dfrA7;sul1;sul2,S,0,0,0,0,0,0,0,0,0,0,0,0,0,1,0,0,0,0,0,0,0,0,0,0,1,0,0,0,0,0,0,1,0,0,0,0,0,0,0,0,1,0,1,1,0,0,1,0,0,0,0,0,0,0,0,Illumina
ERR5636000,PRJEB14050,pending,pending,SAMEA6496697,pending,BZD6D3,2019,Malawi,Yes,NA,MLW,NA,ToConfirm,ToConfirm,ToConfirm,ToConfirm,285.53,typhi,94.947,4.3.1.1.EA1,strong,-,-,-,-,1 (1; 0/92); 2 (1; 0/127); 3 (1; 0/148); 4 (1; 110/0); 4.3.1 (1; 134/3); 4.3.1.1 (1; 106/1); 4.3.1.1.EA1 (1; 141/1),R: blaTEM-1D,S,S,I: gyrB_S464F,R: catA1,R: sul1;sul2,R: dfrA7,R: dfrA7;sul1;sul2,S,0,0,0,0,0,0,0,0,0,0,0,0,0,1,0,0,0,0,0,0,0,0,0,0,1,0,0,0,0,0,0,1,0,0,0,0,0,0,0,0,1,0,1,1,0,0,1,0,0,0,0,0,0,0,0,ONT,typhi,91.566,4.3.1.1.EA1,strong,-,-,-,-,1 (1; 0/41); 2 (1; 0/57); 3 (1; 0/44); 4 (1; 53/0); 4.3.1 (1; 47/0); 4.3.1.1 (1; 49/0); 4.3.1.1.EA1 (1; 56/0),R: blaTEM-1D,S,S,I: gyrB_S464F,R: catA1,R: sul1;sul2,R: dfrA7,R: dfrA7;sul1;sul2,S,0,0,0,0,0,0,0,0,0,0,0,0,0,1,0,0,0,0,0,0,0,0,0,0,1,0,0,0,0,0,0,1,0,0,0,0,0,0,0,0,1,0,1,1,0,0,1,0,0,0,0,0,0,0,0,Illumina
ERR5636001,PRJEB14050,pending,pending,SAMEA6496698,pending,BZD6GK,2019,Malawi,Yes,NA,MLW,NA,ToConfirm,ToConfirm,ToConfirm,ToConfirm,230.32,typhi,94.989,4.3.1.1.EA1,strong,-,-,-,-,1 (1; 0/73); 2 (1; 0/99); 3 (1; 0/127); 4 (1; 102/0); 4.3.1 (1; 140/3); 4.3.1.1 (1; 92/0); 4.3.1.1.EA1 (1; 94/1),R: blaTEM-1D,S,S,S,R: catA1,R: sul1;sul2,R: dfrA7,R: dfrA7;sul1;sul2,S,0,0,0,0,0,0,0,0,0,0,0,0,0,0,0,0,0,0,0,0,0,0,0,0,0,0,0,0,0,0,0,1,0,0,0,0,0,0,0,0,1,0,1,1,0,0,1,0,0,0,0,0,0,0,0,ONT,typhi,91.478,4.3.1.1.EA1,strong,-,-,-,-,1 (1; 0/35); 2 (1; 0/42); 3 (1; 1/35); 4 (1; 40/0); 4.3.1 (1; 37/0); 4.3.1.1 (1; 47/0); 4.3.1.1.EA1 (1; 56/0),R: blaTEM-1D,S,S,I: gyrB_S464F,R: catA1,R: sul1;sul2,R: dfrA7,R: dfrA7;sul1;sul2,S,0,0,0,0,0,0,0,0,0,0,0,0,0,1,0,0,0,0,0,0,0,0,0,0,1,0,0,0,0,0,0,1,0,0,0,0,0,0,0,0,1,0,1,1,0,0,1,0,0,0,0,0,0,0,0,Illumina
ERR5161552,PRJEB14050,pending,pending,SAMEA5993326,pending,CDN33K,2018,Malawi,Yes,NA,MLW,NA,ToConfirm,ToConfirm,ToConfirm,ToConfirm,383.3,typhi,95.074,4.3.1.1.EA1,strong,-,-,-,-,1 (1; 0/127); 2 (1; 1/202); 3 (1; 0/222); 4 (1; 154/0); 4.3.1 (1; 235/1); 4.3.1.1 (1; 130/1); 4.3.1.1.EA1 (1; 161/0),R: blaTEM-1D,S,S,I: gyrA_S83F,R: catA1,R: sul1;sul2,R: dfrA7,R: dfrA7;sul1;sul2,S,0,0,0,0,0,0,0,0,0,0,0,0,0,1,0,0,0,0,1,0,0,0,0,0,0,0,0,0,0,0,0,1,0,0,0,0,0,0,0,0,1,0,1,1,0,0,1,0,0,0,0,0,0,0,0,ONT,typhi,91.483,4.3.1.1.EA1,strong,-,-,-,-,1 (1; 0/40); 2 (1; 0/49); 3 (1; 0/37); 4 (1; 38/0); 4.3.1 (1; 34/0); 4.3.1.1 (1; 48/0); 4.3.1.1.EA1 (1; 51/0),R: blaTEM-1D,S,S,I: gyrB_S464F,R: catA1,R: sul1;sul2,R: dfrA7,R: dfrA7;sul1;sul2,S,0,0,0,0,0,0,0,0,0,0,0,0,0,1,0,0,0,0,0,0,0,0,0,0,1,0,0,0,0,0,0,1,0,0,0,0,0,0,0,0,1,0,1,1,0,0,1,0,0,0,0,0,0,0,0,Illumina
ERR5161296,PRJEB14050,pending,pending,SAMEA5993356,pending,CDN5H1,2019,Malawi,Yes,NA,MLW,NA,ToConfirm,ToConfirm,ToConfirm,ToConfirm,414.15,typhi,95.094,4.3.1.1.EA1,strong,-,-,-,-,1 (1; 0/119); 2 (1; 0/197); 3 (1; 0/226); 4 (1; 205/0); 4.3.1 (1; 221/2); 4.3.1.1 (1; 131/0); 4.3.1.1.EA1 (1; 183/0),R: blaTEM-1D,S,S,S,R: catA1,R: sul1;sul2,R: dfrA7,R: dfrA7;sul1;sul2,S,0,0,0,0,0,0,0,0,0,0,0,0,0,0,0,0,0,0,0,0,0,0,0,0,0,0,0,0,0,0,0,1,0,0,0,0,0,0,0,0,1,0,1,1,0,0,1,0,0,0,0,0,0,0,0,ONT,typhi,91.487,4.3.1.1.EA1,strong,-,-,-,-,1 (1; 0/84); 2 (1; 0/72); 3 (1; 1/96); 4 (1; 80/1); 4.3.1 (1; 91/0); 4.3.1.1 (1; 105/1); 4.3.1.1.EA1 (1; 90/0),R: blaTEM-1D,S,S,S,R: catA1,R: sul1;sul2,R: dfrA7,R: dfrA7;sul1;sul2,S,0,0,0,0,0,0,0,0,0,0,0,0,0,0,0,0,0,0,0,0,0,0,0,0,0,0,0,0,0,0,0,1,0,0,0,0,0,0,0,0,1,0,1,1,0,0,1,0,0,0,0,0,0,0,0,Illumina
ERR5161582,PRJEB14050,pending,pending,SAMEA5993357,pending,CDN5ZB,2019,Malawi,Yes,NA,MLW,NA,ToConfirm,ToConfirm,ToConfirm,ToConfirm,263.78,typhi,91.749,4.3.1.1.EA1,strong,-,-,-,-,1 (1; 0/96); 2 (1; 0/117); 3 (1; 0/147); 4 (1; 129/0); 4.3.1 (1; 135/1); 4.3.1.1 (1; 94/0); 4.3.1.1.EA1 (1; 114/0),R: blaTEM-1D,S,S,S,R: catA1,R: sul1;sul2,R: dfrA7,R: dfrA7;sul1;sul2,S,0,0,0,0,0,0,0,0,0,0,0,0,0,0,0,0,0,0,0,0,0,0,0,0,0,0,0,0,0,0,0,1,0,0,0,0,0,0,0,0,1,0,1,1,0,0,1,0,0,0,0,0,0,0,0,ONT,typhi,91.499,4.3.1.1.EA1,strong,-,-,-,-,1 (1; 0/53); 2 (1; 0/57); 3 (1; 0/51); 4 (1; 47/0); 4.3.1 (1; 49/0); 4.3.1.1 (1; 63/0); 4.3.1.1.EA1 (1; 37/0),R: blaTEM-1D,S,S,S,R: catA1,R: sul1;sul2,R: dfrA7,R: dfrA7;sul1;sul2,S,0,0,0,0,0,0,0,0,0,0,0,0,0,0,0,0,0,0,0,0,0,0,0,0,0,0,0,0,0,0,0,1,0,0,0,0,0,0,0,0,1,0,1,1,0,0,1,0,0,0,0,0,0,0,0,Illumina
